insert into order_statuses(id, name) values(1, 'Принят');      
insert into order_statuses(id, name) values(2, 'Комплектация');      
insert into order_statuses(id, name) values(3, 'Собран');      
insert into order_statuses(id, name) values(4, 'Отправлен');      
insert into order_statuses(id, name) values(5, 'Доставлен');      
insert into order_statuses(id, name) values(6, 'Завершен');      
insert into order_statuses(id, name) values(7, 'Отменен');  


INSERT INTO `authors` (`id`, `last_name`, `first_name`, `description`) VALUES ('1', 'Fahey', 'Maximillian', 'Accusantium voluptates nisi rem recusandae. Sit cupiditate tenetur et. Omnis et repellat magni pariatur optio tenetur.');
INSERT INTO `authors` (`id`, `last_name`, `first_name`, `description`) VALUES ('2', 'Reilly', 'Aliyah', 'Enim porro laudantium laborum et sunt tempora molestias. Voluptatem soluta modi placeat exercitationem nihil et. Dolores explicabo fugiat ea quia corrupti omnis perferendis consequatur. Optio explicabo sed molestias.');
INSERT INTO `authors` (`id`, `last_name`, `first_name`, `description`) VALUES ('3', 'Weber', 'Liza', 'Est praesentium vel quia ut voluptas culpa maxime. Quaerat ratione et qui sed enim labore. Inventore totam quos dicta perferendis porro et. Dolor fuga quia nihil dignissimos quia.');
INSERT INTO `authors` (`id`, `last_name`, `first_name`, `description`) VALUES ('4', 'Rempel', 'Paige', 'Alias quis quidem incidunt dolores et eos quia. Velit repellendus quas commodi nihil et totam suscipit reprehenderit. Eum porro nostrum voluptatum voluptas est. Natus nesciunt rerum illo.');
INSERT INTO `authors` (`id`, `last_name`, `first_name`, `description`) VALUES ('5', 'Hilpert', 'Vicenta', 'Quia sed qui expedita nam. Error inventore voluptatem pariatur. Sit maiores quae assumenda qui impedit fugit ducimus quia. Aliquid molestiae assumenda porro accusamus quia rerum.');
INSERT INTO `authors` (`id`, `last_name`, `first_name`, `description`) VALUES ('6', 'Hintz', 'Kole', 'Maiores quis animi ullam consequatur fuga ullam enim. Libero facilis corporis possimus sequi. Impedit et nostrum voluptas sit ducimus. Iure quasi ullam voluptatibus expedita.');
INSERT INTO `authors` (`id`, `last_name`, `first_name`, `description`) VALUES ('7', 'Marquardt', 'Winfield', 'Accusamus omnis ut est sapiente aperiam enim. Sunt ab est aut quibusdam est perspiciatis. Et praesentium fuga accusamus fugiat.');
INSERT INTO `authors` (`id`, `last_name`, `first_name`, `description`) VALUES ('8', 'Stroman', 'Drake', 'Repellendus atque et nihil porro. Sunt qui ullam sit vel quo. Et omnis dolor deserunt. Minima accusamus inventore laudantium vel.');
INSERT INTO `authors` (`id`, `last_name`, `first_name`, `description`) VALUES ('9', 'Swaniawski', 'Rickey', 'Error consequatur sunt vel maiores eos. Voluptatem vero ut rerum et aliquam perspiciatis. Rerum beatae non sint assumenda voluptates tenetur.');
INSERT INTO `authors` (`id`, `last_name`, `first_name`, `description`) VALUES ('10', 'Muller', 'Edythe', 'Et et cum rerum voluptatem vero totam sint. Repellendus aut id et aut quisquam. Et similique qui pariatur omnis dicta doloribus necessitatibus quia. Quia ullam ut rerum perspiciatis eos similique quae.');
INSERT INTO `authors` (`id`, `last_name`, `first_name`, `description`) VALUES ('11', 'Nitzsche', 'Adam', 'Quibusdam et nemo rerum aliquid qui sequi. Laborum sed voluptatum ut rerum vitae. Nobis sunt perferendis deleniti voluptatem. Aut soluta cum velit voluptatum vitae distinctio.');
INSERT INTO `authors` (`id`, `last_name`, `first_name`, `description`) VALUES ('12', 'Lakin', 'Ashleigh', 'Nisi magnam est aliquam consequatur doloribus. Aut sit eius ab.');
INSERT INTO `authors` (`id`, `last_name`, `first_name`, `description`) VALUES ('13', 'Fisher', 'Orie', 'Iusto perferendis esse sequi quibusdam eveniet. Ea enim possimus dignissimos nam vero. Laborum minus asperiores assumenda consequatur harum et nulla. Laboriosam adipisci est dolorum est reiciendis in aut.');
INSERT INTO `authors` (`id`, `last_name`, `first_name`, `description`) VALUES ('14', 'Grimes', 'Buck', 'Exercitationem sequi et ad officia provident facere nulla voluptate. Sequi corporis voluptate ratione neque. Facere quia sed sunt magni est.');
INSERT INTO `authors` (`id`, `last_name`, `first_name`, `description`) VALUES ('15', 'Murazik', 'Jedediah', 'Architecto numquam sint accusamus consequatur provident praesentium. Sit minus excepturi maxime sit expedita voluptatem omnis. Doloribus aliquid aliquid qui voluptatem voluptatum. Facilis iste dolore quia repellendus. Dignissimos perspiciatis vel quo.');
INSERT INTO `authors` (`id`, `last_name`, `first_name`, `description`) VALUES ('16', 'O\'Keefe', 'Erica', 'Nulla vero nihil nobis qui. Dolorem eum quia qui sit doloremque. Deserunt nostrum minima id dicta aut et sequi. Eaque iusto sunt accusamus labore.');
INSERT INTO `authors` (`id`, `last_name`, `first_name`, `description`) VALUES ('17', 'Rohan', 'Florian', 'Dicta nesciunt porro ad alias id est. Aut quasi sequi et dolorum quia quo. Earum voluptatem et harum.');
INSERT INTO `authors` (`id`, `last_name`, `first_name`, `description`) VALUES ('18', 'Bogan', 'Pearline', 'Quia ut cumque earum error. Et ex aut enim facere et. Sunt ea nobis sunt placeat eligendi doloribus. Aut unde totam sed vel ducimus.');
INSERT INTO `authors` (`id`, `last_name`, `first_name`, `description`) VALUES ('19', 'Corkery', 'Arvid', 'Pariatur consequatur dolore et non quia veritatis. Cumque adipisci dolorem vel voluptatem. Expedita aut dignissimos fuga et. Minus alias aspernatur minus eum recusandae. Aut blanditiis dolorem tempora aut nobis doloremque nisi.');
INSERT INTO `authors` (`id`, `last_name`, `first_name`, `description`) VALUES ('20', 'Baumbach', 'Angela', 'Laborum dolorem explicabo incidunt veritatis perferendis consequatur beatae. Soluta aspernatur nostrum sit reprehenderit. Est sint voluptas voluptatem assumenda fugiat sequi. Maiores eos autem ratione aperiam ducimus autem culpa.');
INSERT INTO `authors` (`id`, `last_name`, `first_name`, `description`) VALUES ('21', 'Wehner', 'Kenna', 'Doloremque autem enim provident fuga cumque eius voluptate. Aspernatur mollitia nihil molestias magnam vel. Aut est maxime enim soluta in recusandae ipsum. Pariatur illo natus sed cumque velit non quia.');
INSERT INTO `authors` (`id`, `last_name`, `first_name`, `description`) VALUES ('22', 'Ratke', 'Holly', 'Autem quaerat tempora soluta a error. Illum aut inventore quasi quos sunt quasi. Et quo perferendis ut praesentium fugiat. Sed eum sit enim similique.');
INSERT INTO `authors` (`id`, `last_name`, `first_name`, `description`) VALUES ('23', 'Christiansen', 'Sarina', 'Qui voluptatum numquam eum saepe id sit. Voluptatem dignissimos atque pariatur fuga nam blanditiis. Ratione nobis illum libero provident nostrum eos quia eaque. Quibusdam impedit atque ea atque ad.');
INSERT INTO `authors` (`id`, `last_name`, `first_name`, `description`) VALUES ('24', 'Walker', 'Lauren', 'Nulla nam sit asperiores delectus cupiditate recusandae. Repellat rerum dicta pariatur nihil. Molestiae quia repellat aut est.');
INSERT INTO `authors` (`id`, `last_name`, `first_name`, `description`) VALUES ('25', 'Simonis', 'Justen', 'Ipsa voluptatem quaerat modi sint numquam magni. Et ut molestiae cumque aut explicabo. Sed vel distinctio doloribus facilis qui omnis rerum. Et deserunt eaque necessitatibus est repudiandae.');
INSERT INTO `authors` (`id`, `last_name`, `first_name`, `description`) VALUES ('26', 'Dickinson', 'Emmanuel', 'Libero rem necessitatibus non. Totam fuga iste sequi et. Est magnam eveniet fugit. Iusto sit accusantium perspiciatis sed et.');
INSERT INTO `authors` (`id`, `last_name`, `first_name`, `description`) VALUES ('27', 'Lynch', 'Ophelia', 'Quae quo exercitationem fugiat officia sint quam. Inventore porro vero eius et mollitia totam. Molestiae voluptas vero quia necessitatibus et. Praesentium eaque alias similique quisquam a.');
INSERT INTO `authors` (`id`, `last_name`, `first_name`, `description`) VALUES ('28', 'Sipes', 'Braulio', 'Libero qui corporis saepe necessitatibus rerum quae. Amet quisquam provident in tempore minus minima. Omnis possimus non aspernatur aut ad.');
INSERT INTO `authors` (`id`, `last_name`, `first_name`, `description`) VALUES ('29', 'Rogahn', 'Eleonore', 'Dolorem voluptas rem nostrum ex neque. Sed consequatur expedita recusandae voluptas et sunt accusamus nihil. Consequatur dicta libero eaque.');
INSERT INTO `authors` (`id`, `last_name`, `first_name`, `description`) VALUES ('30', 'Muller', 'Brian', 'Sapiente nihil tempore autem a labore. Accusantium libero unde vel eveniet. Error rerum exercitationem perferendis est. Quaerat voluptatem et quis ipsa.');
INSERT INTO `authors` (`id`, `last_name`, `first_name`, `description`) VALUES ('31', 'Torp', 'Lottie', 'Ipsam omnis quae delectus optio vel doloribus. Officiis est recusandae tempora laborum rerum corporis corporis dolore. Vel et quibusdam tempora adipisci praesentium enim.');
INSERT INTO `authors` (`id`, `last_name`, `first_name`, `description`) VALUES ('32', 'Fisher', 'Kaleb', 'Illo aperiam sit et voluptatem qui amet facere. Accusantium et ipsa ipsam eveniet. Et culpa aut quia perspiciatis illum inventore atque.');
INSERT INTO `authors` (`id`, `last_name`, `first_name`, `description`) VALUES ('33', 'Daniel', 'Kadin', 'Illum nemo ea dolores officiis non perspiciatis. Dolore et temporibus atque aspernatur fuga culpa.');
INSERT INTO `authors` (`id`, `last_name`, `first_name`, `description`) VALUES ('34', 'Predovic', 'Ofelia', 'Quod assumenda quod aspernatur illo et. Facere fugiat velit iusto ab aliquid qui et. Vel quis perferendis sed molestiae dolores est. Nam ad sit dolorum est.');
INSERT INTO `authors` (`id`, `last_name`, `first_name`, `description`) VALUES ('35', 'Ortiz', 'Katlyn', 'Nemo consectetur quisquam ut. Dicta molestiae ut consequatur. Laborum aut sequi sed est autem sunt laboriosam aut.');
INSERT INTO `authors` (`id`, `last_name`, `first_name`, `description`) VALUES ('36', 'Predovic', 'Neil', 'Quae rerum aspernatur aspernatur repellendus aut ipsam sint. Alias labore maxime eum officia. Facere nam laboriosam ipsum debitis quasi voluptas eaque tenetur. Nihil quibusdam porro voluptatem iusto culpa officiis culpa odit.');
INSERT INTO `authors` (`id`, `last_name`, `first_name`, `description`) VALUES ('37', 'Gleichner', 'Nella', 'Fugiat nihil vel dignissimos ea. Ullam eos neque beatae autem dolorem omnis dolores. Voluptatum dolorem dolorem voluptatem ab possimus quibusdam rem quia.');
INSERT INTO `authors` (`id`, `last_name`, `first_name`, `description`) VALUES ('38', 'Ward', 'Gertrude', 'Excepturi deserunt illo est quis doloremque sed consequatur. Sint et voluptatem sed provident rerum reiciendis quae. Aliquid unde sapiente nihil quia. Cumque omnis culpa ut quaerat itaque.');
INSERT INTO `authors` (`id`, `last_name`, `first_name`, `description`) VALUES ('39', 'Volkman', 'Sienna', 'Dolorum architecto ut porro odio necessitatibus sequi. Id adipisci dolorem qui quaerat maiores. Blanditiis ut nesciunt est praesentium.');
INSERT INTO `authors` (`id`, `last_name`, `first_name`, `description`) VALUES ('40', 'Bruen', 'Marcella', 'Impedit occaecati eum beatae. Eaque nostrum numquam qui vero quia et dolore.');
INSERT INTO `authors` (`id`, `last_name`, `first_name`, `description`) VALUES ('41', 'Durgan', 'Lavon', 'Deserunt quibusdam voluptatem hic laboriosam laborum. Voluptatibus et officiis minima quasi non totam. Provident qui harum amet quam.');
INSERT INTO `authors` (`id`, `last_name`, `first_name`, `description`) VALUES ('42', 'Harris', 'Greyson', 'Quidem non facilis fugiat architecto vel doloremque perferendis. Laboriosam occaecati nostrum sit in nam. Dolorem sit quisquam temporibus odio eum nostrum.');
INSERT INTO `authors` (`id`, `last_name`, `first_name`, `description`) VALUES ('43', 'Douglas', 'Velva', 'Molestiae magnam qui reprehenderit doloremque aut. Ad voluptas consectetur laboriosam et neque perferendis. Qui dignissimos tempora nemo. Nihil sint assumenda unde voluptas quam in aut esse.');
INSERT INTO `authors` (`id`, `last_name`, `first_name`, `description`) VALUES ('44', 'Terry', 'Ronaldo', 'Odio deserunt quia quod expedita laborum itaque. Officia et incidunt eaque ab eos. Veniam nesciunt explicabo et voluptas nesciunt ratione.');
INSERT INTO `authors` (`id`, `last_name`, `first_name`, `description`) VALUES ('45', 'Feest', 'Nayeli', 'Aspernatur omnis nemo est voluptates. Placeat facere numquam est dolorum quas et. Quia neque vel id qui modi debitis. Autem et sit voluptatibus cum iste.');
INSERT INTO `authors` (`id`, `last_name`, `first_name`, `description`) VALUES ('46', 'Witting', 'Armand', 'Voluptatem et qui aut quia veritatis aut. Tempora at consequatur nemo aut quisquam. Qui itaque iste ratione vero doloremque.');
INSERT INTO `authors` (`id`, `last_name`, `first_name`, `description`) VALUES ('47', 'Langworth', 'Stan', 'Consequuntur perspiciatis perferendis ad magnam. Dolorem et quis aut eum ipsa debitis laborum. Hic dolorem in quae.');
INSERT INTO `authors` (`id`, `last_name`, `first_name`, `description`) VALUES ('48', 'Berge', 'Luna', 'Ut nulla alias ipsam. Ut iusto tempora animi sit necessitatibus sed. Quia qui et a quo aut vero.');
INSERT INTO `authors` (`id`, `last_name`, `first_name`, `description`) VALUES ('49', 'Effertz', 'Eladio', 'Numquam nam exercitationem vero doloremque ad. Occaecati ducimus voluptatem suscipit inventore officia alias. Facilis id ut assumenda incidunt sint laudantium. Pariatur voluptas commodi maiores id. Dolorum labore sapiente qui sapiente.');
INSERT INTO `authors` (`id`, `last_name`, `first_name`, `description`) VALUES ('50', 'Beahan', 'Casimer', 'Possimus quia nobis maxime omnis a mollitia et. Expedita adipisci quibusdam enim ut. Cumque maxime deleniti veniam in debitis. Sunt blanditiis quis nostrum eaque molestias repellat.');
INSERT INTO `authors` (`id`, `last_name`, `first_name`, `description`) VALUES ('51', 'Rutherford', 'Kira', 'Vel aperiam hic et dolores qui. Voluptas dolore et laboriosam possimus adipisci aperiam ipsum. Eos assumenda ea nisi fuga omnis maxime explicabo.');
INSERT INTO `authors` (`id`, `last_name`, `first_name`, `description`) VALUES ('52', 'Bartoletti', 'Emilie', 'Culpa voluptatibus asperiores nesciunt quod et. Itaque aut quae voluptas nobis consequatur consequatur. Quae non quasi aut qui. Quia quos non corrupti provident iste.');
INSERT INTO `authors` (`id`, `last_name`, `first_name`, `description`) VALUES ('53', 'Herzog', 'Gordon', 'Quo rerum ullam consequatur error. Ratione natus sequi quia blanditiis consequuntur. Voluptates beatae voluptatem repellendus et. Id temporibus perferendis minus quos mollitia.');
INSERT INTO `authors` (`id`, `last_name`, `first_name`, `description`) VALUES ('54', 'Dare', 'Justen', 'Suscipit dolores enim fuga in. Sint eum quisquam fugiat velit voluptates.');
INSERT INTO `authors` (`id`, `last_name`, `first_name`, `description`) VALUES ('55', 'Mayer', 'Claudie', 'Dolore vel voluptatem nulla accusamus occaecati. Voluptatem eligendi et vel soluta. Ipsa vitae numquam alias est. Sit deserunt natus mollitia quo.');
INSERT INTO `authors` (`id`, `last_name`, `first_name`, `description`) VALUES ('56', 'Connelly', 'Alta', 'Dolorum quidem non iusto rerum atque. Dolorem eum dolores ipsum ducimus quia velit quis. Corrupti necessitatibus quia asperiores inventore laborum commodi ut. Et aut nostrum id atque.');
INSERT INTO `authors` (`id`, `last_name`, `first_name`, `description`) VALUES ('57', 'Little', 'Diamond', 'Iure magni nostrum voluptates quas officiis. Architecto iusto dolor est omnis.');
INSERT INTO `authors` (`id`, `last_name`, `first_name`, `description`) VALUES ('58', 'Pouros', 'Otha', 'Porro quos unde ut in. Eligendi quis vel ipsum ut est cum ipsum occaecati. Rerum quae omnis commodi officia.');
INSERT INTO `authors` (`id`, `last_name`, `first_name`, `description`) VALUES ('59', 'Hoppe', 'Raymond', 'Delectus natus et id quas in rerum sit. Quia est sit velit voluptatem ipsa possimus. Omnis sed sequi praesentium dignissimos. Id aspernatur accusantium a est quos et cum.');
INSERT INTO `authors` (`id`, `last_name`, `first_name`, `description`) VALUES ('60', 'Weber', 'Ramiro', 'Qui enim facilis repellendus deserunt. Dolor id velit maiores ut itaque architecto. Officiis ea praesentium et quidem alias et quo. Ducimus non recusandae iure ipsam accusantium perferendis.');
INSERT INTO `authors` (`id`, `last_name`, `first_name`, `description`) VALUES ('61', 'Bartoletti', 'Savion', 'Rerum quas necessitatibus qui ut. Aspernatur delectus fugiat qui deserunt possimus saepe dolores. Culpa est qui ut et. Sunt eos provident hic sequi ipsam qui architecto rem.');
INSERT INTO `authors` (`id`, `last_name`, `first_name`, `description`) VALUES ('62', 'Parker', 'Samson', 'Rem labore repudiandae ipsa eligendi porro. Non ab beatae eaque perspiciatis unde. Fuga odio at rerum praesentium ut ipsa excepturi. Nulla quod architecto totam a fugiat itaque.');
INSERT INTO `authors` (`id`, `last_name`, `first_name`, `description`) VALUES ('63', 'Parker', 'Casey', 'Consequuntur inventore quia consequatur corrupti. Blanditiis quos dolorem autem voluptas. Ratione tempore tempora voluptatem.');
INSERT INTO `authors` (`id`, `last_name`, `first_name`, `description`) VALUES ('64', 'Collier', 'Petra', 'Quos rerum animi rerum iusto reprehenderit ea omnis. Natus enim ipsam et autem amet. Aut eum totam veritatis animi. Nam ut facere animi perspiciatis laudantium esse et.');
INSERT INTO `authors` (`id`, `last_name`, `first_name`, `description`) VALUES ('65', 'Haley', 'Eugenia', 'Voluptatibus consequatur architecto deserunt rem at veniam necessitatibus soluta. Nulla et necessitatibus minima impedit quia eum quaerat.');
INSERT INTO `authors` (`id`, `last_name`, `first_name`, `description`) VALUES ('66', 'Bins', 'Lucas', 'Mollitia earum accusamus qui autem ut voluptatem sit nulla. Eos quia accusamus ipsam maxime ullam libero maxime. Vel soluta officiis placeat repellendus eos. Voluptas quia dicta omnis. Enim deserunt porro ut corporis eos eum asperiores eos.');
INSERT INTO `authors` (`id`, `last_name`, `first_name`, `description`) VALUES ('67', 'Olson', 'Marcellus', 'Ea error aut officiis sit quia esse. Sint velit et aut rerum alias dolores qui.');
INSERT INTO `authors` (`id`, `last_name`, `first_name`, `description`) VALUES ('68', 'Stanton', 'Gayle', 'Modi enim aut quae consequatur officia sed tempore. Perferendis qui ducimus quam aut natus voluptas dolor. Quos enim quia vel. Illum exercitationem porro veritatis doloribus ab laborum.');
INSERT INTO `authors` (`id`, `last_name`, `first_name`, `description`) VALUES ('69', 'Fritsch', 'Chester', 'Et voluptas esse sint nulla sint. Amet quidem est ducimus fuga ut dolores rerum omnis.');
INSERT INTO `authors` (`id`, `last_name`, `first_name`, `description`) VALUES ('70', 'Veum', 'Reece', 'Est voluptatem ut sint vitae porro veniam omnis. Velit id possimus dicta earum odit accusamus laboriosam vitae.');
INSERT INTO `authors` (`id`, `last_name`, `first_name`, `description`) VALUES ('71', 'Pfeffer', 'Jacinthe', 'Fugiat dolor voluptate quia repellendus facere nam. Id incidunt saepe sit consectetur exercitationem quisquam maxime. Alias veritatis quam praesentium consequatur consequuntur possimus aperiam qui. Ratione qui ut omnis dolore quis deserunt possimus aliquam.');
INSERT INTO `authors` (`id`, `last_name`, `first_name`, `description`) VALUES ('72', 'Kunze', 'Caitlyn', 'Blanditiis quaerat explicabo fugit quaerat labore optio. Optio vel maiores cum magni. Impedit totam debitis consequuntur perferendis voluptas qui eos. Ullam amet suscipit omnis vitae ipsa alias.');
INSERT INTO `authors` (`id`, `last_name`, `first_name`, `description`) VALUES ('73', 'Shields', 'Linwood', 'Sint molestiae qui ea enim est ratione a. Quae assumenda voluptas praesentium consequatur adipisci. Maxime molestias sed ea temporibus. Animi enim mollitia tempora.');
INSERT INTO `authors` (`id`, `last_name`, `first_name`, `description`) VALUES ('74', 'Rosenbaum', 'Angelina', 'Perferendis omnis officia id aliquam ut. Ex dolor ea beatae animi voluptatem natus non et. Distinctio quia illum sed nulla ad debitis.');
INSERT INTO `authors` (`id`, `last_name`, `first_name`, `description`) VALUES ('75', 'Block', 'Emerald', 'Ut mollitia temporibus dignissimos minima. Dolor perferendis mollitia animi dolor. Quo et qui eos. Pariatur qui dolores explicabo.');
INSERT INTO `authors` (`id`, `last_name`, `first_name`, `description`) VALUES ('76', 'Robel', 'Jailyn', 'Sit ut occaecati inventore praesentium maxime. Omnis dolorem quos iste nulla veniam et unde. Dolore ut voluptatem non cupiditate. Est veritatis alias omnis unde cum.');
INSERT INTO `authors` (`id`, `last_name`, `first_name`, `description`) VALUES ('77', 'O\'Connell', 'Edna', 'A sequi soluta doloremque facere velit et. Et fugit possimus velit quam qui repellendus animi. Libero omnis in et iste. Dolores repellat et molestias omnis totam quod.');
INSERT INTO `authors` (`id`, `last_name`, `first_name`, `description`) VALUES ('78', 'Heidenreich', 'Billy', 'Ea deleniti qui cupiditate nihil sequi consequatur. Aut veniam ex voluptas quia ea quam voluptatem. Magnam in provident ipsam. Quae aut esse atque dignissimos soluta ut fuga.');
INSERT INTO `authors` (`id`, `last_name`, `first_name`, `description`) VALUES ('79', 'VonRueden', 'Abel', 'Dolores repellat praesentium voluptatem nostrum. Velit adipisci distinctio aspernatur expedita et ut eum exercitationem. Incidunt minus omnis aut. Ad quod rem consequatur consequatur aut.');
INSERT INTO `authors` (`id`, `last_name`, `first_name`, `description`) VALUES ('80', 'Anderson', 'Ida', 'Facere quam aliquam quis ut iure eaque accusamus. Et accusamus doloremque cum maxime maiores. Repudiandae odit voluptas eligendi ut et voluptatem atque.');
INSERT INTO `authors` (`id`, `last_name`, `first_name`, `description`) VALUES ('81', 'Shanahan', 'Katharina', 'Delectus vitae laudantium quas praesentium ducimus. Quia deserunt ut reprehenderit consectetur earum aliquid. Quia amet ad laborum sequi. Cum voluptatum maiores distinctio.');
INSERT INTO `authors` (`id`, `last_name`, `first_name`, `description`) VALUES ('82', 'Franecki', 'Carson', 'Fuga non ut ut ex. Qui autem sit eos maiores reiciendis. Sint nulla et occaecati corporis deserunt recusandae delectus hic.');
INSERT INTO `authors` (`id`, `last_name`, `first_name`, `description`) VALUES ('83', 'O\'Reilly', 'Alf', 'Expedita ab saepe adipisci eum aut. Repellendus et error voluptatem voluptas autem enim. Praesentium non itaque saepe.');
INSERT INTO `authors` (`id`, `last_name`, `first_name`, `description`) VALUES ('84', 'Langosh', 'Russell', 'Accusamus placeat possimus quidem. Inventore reiciendis quasi sit corrupti.');
INSERT INTO `authors` (`id`, `last_name`, `first_name`, `description`) VALUES ('85', 'Corwin', 'Bernie', 'Corporis id reprehenderit necessitatibus asperiores. Consequatur aliquam suscipit odit alias sint vel reiciendis. Earum ducimus est ipsam dignissimos aperiam optio.');
INSERT INTO `authors` (`id`, `last_name`, `first_name`, `description`) VALUES ('86', 'Schumm', 'Josie', 'Eum aliquam enim cupiditate molestiae et soluta. Quaerat accusamus esse sit ipsa aspernatur repellendus. Sit ut necessitatibus nulla voluptatibus vel dolores.');
INSERT INTO `authors` (`id`, `last_name`, `first_name`, `description`) VALUES ('87', 'Gaylord', 'Ilene', 'Aut qui dolorum excepturi et repellat. Officia laudantium perferendis id voluptas. Tempora veniam corporis autem fugiat.');
INSERT INTO `authors` (`id`, `last_name`, `first_name`, `description`) VALUES ('88', 'Corkery', 'Alice', 'Veniam qui ducimus repellat quis. Velit odio est in non. Atque modi praesentium nam a.');
INSERT INTO `authors` (`id`, `last_name`, `first_name`, `description`) VALUES ('89', 'Green', 'Chanelle', 'Illum dicta eaque et deleniti inventore quo. Magnam et est ullam officia neque. Voluptatem libero repudiandae ipsam vitae cupiditate.');
INSERT INTO `authors` (`id`, `last_name`, `first_name`, `description`) VALUES ('90', 'Predovic', 'Estell', 'Quae nihil ut est placeat commodi maxime repellat rerum. Nam repudiandae dicta labore vel dolorum voluptates. Beatae temporibus qui adipisci modi omnis sequi pariatur. Maiores alias consequuntur assumenda similique inventore.');
INSERT INTO `authors` (`id`, `last_name`, `first_name`, `description`) VALUES ('91', 'Haley', 'Karianne', 'Explicabo dolore dolores recusandae non asperiores expedita. Earum aut facilis ullam qui ut. Et dolorem voluptatem rerum. In magni modi voluptates sit ex.');
INSERT INTO `authors` (`id`, `last_name`, `first_name`, `description`) VALUES ('92', 'Gottlieb', 'Rosina', 'Nihil est natus repellendus et repellendus sapiente. Non alias aut repudiandae commodi unde.');
INSERT INTO `authors` (`id`, `last_name`, `first_name`, `description`) VALUES ('93', 'Koss', 'Kenyatta', 'Doloribus sed accusamus praesentium. Itaque odit cum et sunt. Modi quam laborum sit.');
INSERT INTO `authors` (`id`, `last_name`, `first_name`, `description`) VALUES ('94', 'Hessel', 'Hermann', 'Aut aliquam est consequatur quibusdam quia excepturi. Voluptas quisquam voluptatum repudiandae aut aut. Non at adipisci qui nobis et quia. Aut repellat ullam corrupti laboriosam.');
INSERT INTO `authors` (`id`, `last_name`, `first_name`, `description`) VALUES ('95', 'Torphy', 'Sierra', 'Voluptas pariatur neque ipsa ullam eos corporis quisquam quia. Saepe voluptas voluptatum molestiae nobis qui est architecto quod.');
INSERT INTO `authors` (`id`, `last_name`, `first_name`, `description`) VALUES ('96', 'Daugherty', 'Raegan', 'Accusantium vel veniam ipsum inventore. Nemo molestiae error quaerat in.');
INSERT INTO `authors` (`id`, `last_name`, `first_name`, `description`) VALUES ('97', 'Wunsch', 'Gustave', 'Doloremque enim culpa itaque qui. Maiores officia voluptas iusto esse blanditiis et. Consequatur et architecto quia voluptatem natus modi vel quia.');
INSERT INTO `authors` (`id`, `last_name`, `first_name`, `description`) VALUES ('98', 'Crona', 'Buck', 'Alias tenetur hic rem aut illum. Incidunt harum sint ea suscipit cupiditate ea itaque. Nobis tempora ut qui odio.');
INSERT INTO `authors` (`id`, `last_name`, `first_name`, `description`) VALUES ('99', 'Moen', 'Jaydon', 'In vitae non recusandae quas excepturi unde. Eveniet consequatur iure voluptas vel ipsam rerum. Reprehenderit aut voluptatem consectetur consectetur praesentium sed non. Quam aliquid ipsa eum similique voluptatem pariatur.');
INSERT INTO `authors` (`id`, `last_name`, `first_name`, `description`) VALUES ('100', 'Moen', 'Dimitri', 'Dicta non repellat est nihil rerum omnis ab. Illo assumenda aut quaerat eligendi cum iste. Animi sint rem voluptas.');


INSERT INTO `publishers` (`id`, `name`, `description`, `link`) VALUES ('1', 'quasi', 'Sint asperiores totam minus consequuntur est assumenda quia. Et id omnis ipsum veniam assumenda eum excepturi. Dicta magnam et ut consequatur. Ea dolorum expedita ut sunt et nihil.', 'http://www.russel.com/');
INSERT INTO `publishers` (`id`, `name`, `description`, `link`) VALUES ('2', 'deserunt', 'Et iusto similique quos eius. Culpa eum ducimus tempore. Est suscipit ut officiis.', 'http://okuneva.com/');
INSERT INTO `publishers` (`id`, `name`, `description`, `link`) VALUES ('3', 'consequatur', 'Qui earum nobis ea possimus neque dolor libero. At laboriosam libero doloremque sint consequatur excepturi rem explicabo. Voluptatem aut fuga voluptatibus aut.', 'http://www.wunsch.com/');
INSERT INTO `publishers` (`id`, `name`, `description`, `link`) VALUES ('4', 'velit', 'Dignissimos ducimus nam illum dolorem reprehenderit. Aut laudantium accusamus ea sint neque tempora aut et. Repellat quas et et neque.', 'http://www.crona.com/');
INSERT INTO `publishers` (`id`, `name`, `description`, `link`) VALUES ('5', 'cum', 'Autem esse itaque rerum iste. Dolor eveniet omnis adipisci aut eos. Aliquid dolor eveniet perspiciatis delectus. Cumque soluta hic quisquam a.', 'http://keeling.net/');
INSERT INTO `publishers` (`id`, `name`, `description`, `link`) VALUES ('6', 'officia', 'Minus tenetur sed modi porro repudiandae. Corporis doloremque minima omnis. Corporis qui aut tempore ut dignissimos.', 'http://graham.com/');
INSERT INTO `publishers` (`id`, `name`, `description`, `link`) VALUES ('7', 'repellendus', 'Sit dignissimos et veniam et voluptate et. Sed earum aperiam animi unde et. Eius unde aut nemo et est. Sit velit ut deleniti eius aut.', 'http://ernserhegmann.com/');
INSERT INTO `publishers` (`id`, `name`, `description`, `link`) VALUES ('8', 'error', 'Voluptates sint officiis laboriosam sunt nihil. Voluptas consequatur sunt atque beatae. Ad at accusamus maiores velit porro enim autem.', 'http://www.torphy.com/');
INSERT INTO `publishers` (`id`, `name`, `description`, `link`) VALUES ('9', 'harum', 'Vel fuga aut minima quia vel at saepe. Dolore magnam unde sunt dolor. Aut et optio consequuntur est atque voluptas quia. Repellendus quos et dolorem unde.', 'http://www.walter.com/');
INSERT INTO `publishers` (`id`, `name`, `description`, `link`) VALUES ('10', 'sint', 'Et fuga reprehenderit assumenda sed voluptatem quasi veritatis at. Distinctio aliquid aut quia a esse qui earum. Magnam et ipsum recusandae ea asperiores. Modi quae nihil aperiam omnis voluptatem hic qui.', 'http://www.hudsonhartmann.com/');
INSERT INTO `publishers` (`id`, `name`, `description`, `link`) VALUES ('11', 'aut', 'Non vero odit soluta rerum. Non ea rerum eveniet. Placeat rerum autem quis veritatis et laudantium id sit. Eveniet soluta est dolor sequi ut in ea.', 'http://www.hilll.org/');
INSERT INTO `publishers` (`id`, `name`, `description`, `link`) VALUES ('12', 'nihil', 'Vitae cumque velit corrupti ullam. Ipsum ea accusantium dicta laboriosam quae quo. Consequatur modi minima quis iure similique aliquid. Dolore excepturi eius corrupti id velit.', 'http://jenkins.com/');
INSERT INTO `publishers` (`id`, `name`, `description`, `link`) VALUES ('13', 'sunt', 'Tempora debitis minus laudantium tempore. Aliquam asperiores quis distinctio soluta laborum laboriosam quibusdam. Sint et et repudiandae quia molestiae non facilis. Illum ipsum quis numquam et recusandae.', 'http://www.hintz.com/');
INSERT INTO `publishers` (`id`, `name`, `description`, `link`) VALUES ('14', 'ex', 'Occaecati illo quibusdam debitis placeat. Facilis doloremque veniam corrupti rerum quam similique nihil. Consequuntur quod atque voluptatem provident numquam quo.', 'http://www.stiedemann.com/');
INSERT INTO `publishers` (`id`, `name`, `description`, `link`) VALUES ('15', 'doloremque', 'Sint ab dolorem blanditiis quos sed. Ullam cumque nobis quia voluptatem. Quia natus voluptates veritatis nisi et voluptatibus maiores incidunt.', 'http://www.abshire.com/');
INSERT INTO `publishers` (`id`, `name`, `description`, `link`) VALUES ('16', 'dolorem', 'Repellendus animi distinctio consequatur. Velit sequi voluptates dolores molestias corrupti. Et consequatur eum corporis modi voluptatem culpa possimus.', 'http://hamill.com/');
INSERT INTO `publishers` (`id`, `name`, `description`, `link`) VALUES ('17', 'at', 'Reiciendis dicta non maiores consequuntur amet ut aliquam magni. Sint sint vero tenetur non similique. Molestiae aliquid ad dolorem iure.', 'http://www.vandervort.com/');
INSERT INTO `publishers` (`id`, `name`, `description`, `link`) VALUES ('18', 'earum', 'Eos nobis non minus placeat suscipit quas. Nulla amet voluptatem in voluptatum tenetur aut quo.', 'http://parisiandaniel.info/');
INSERT INTO `publishers` (`id`, `name`, `description`, `link`) VALUES ('19', 'incidunt', 'Rerum et minus eum sit. Quo in reiciendis voluptatum deserunt impedit aut sit. Et illum et minus sed ut. Quod nemo reprehenderit animi sed.', 'http://www.littel.com/');
INSERT INTO `publishers` (`id`, `name`, `description`, `link`) VALUES ('20', 'in', 'Occaecati est nobis aspernatur. Est et quos dolor placeat odit est numquam in. Adipisci numquam dolore libero officiis. Ducimus deserunt unde eligendi qui asperiores dolorem voluptatibus.', 'http://wolfwatsica.com/');
INSERT INTO `publishers` (`id`, `name`, `description`, `link`) VALUES ('21', 'repellat', 'Similique voluptatibus consequatur odio quis placeat eum. Et aliquam quidem dolores minus expedita iusto. Exercitationem voluptatem quo praesentium et natus fugit. Distinctio est qui quasi perspiciatis veniam accusamus debitis.', 'http://bogisich.com/');
INSERT INTO `publishers` (`id`, `name`, `description`, `link`) VALUES ('22', 'quam', 'Temporibus aliquid et rerum saepe odit delectus. Aut velit autem fugiat veniam.', 'http://www.blickkoepp.com/');
INSERT INTO `publishers` (`id`, `name`, `description`, `link`) VALUES ('23', 'voluptatum', 'Numquam aut itaque et a dolor enim aut. Sapiente ea nihil maxime vel.', 'http://skiles.com/');
INSERT INTO `publishers` (`id`, `name`, `description`, `link`) VALUES ('24', 'magni', 'Nobis non veritatis quo. Alias aut in dolore.', 'http://www.weissnatschuster.info/');
INSERT INTO `publishers` (`id`, `name`, `description`, `link`) VALUES ('25', 'cupiditate', 'Sit temporibus dolor earum quia ipsa. Aut non mollitia minima perferendis. Omnis repellendus porro suscipit et nostrum.', 'http://www.welchdietrich.biz/');
INSERT INTO `publishers` (`id`, `name`, `description`, `link`) VALUES ('26', 'suscipit', 'Facere omnis voluptas occaecati ipsam maiores. Aliquam et et totam perspiciatis et quidem blanditiis repellendus. Sit voluptatem voluptatem beatae eos non ratione nam. Labore dolorum autem assumenda voluptate sed aliquid.', 'http://www.bosco.com/');
INSERT INTO `publishers` (`id`, `name`, `description`, `link`) VALUES ('27', 'laborum', 'Sed rerum voluptatem aspernatur occaecati esse. Quia sequi facilis qui sequi omnis animi aliquam. Quo mollitia est vel aut recusandae.', 'http://www.rath.com/');
INSERT INTO `publishers` (`id`, `name`, `description`, `link`) VALUES ('28', 'ut', 'Non non in eligendi ut doloremque recusandae accusantium. Corrupti maiores odio sed ipsum ex molestiae qui quibusdam. Sequi perspiciatis eos voluptatem sit labore. Labore illo impedit vel et.', 'http://eichmann.com/');
INSERT INTO `publishers` (`id`, `name`, `description`, `link`) VALUES ('29', 'eligendi', 'Maxime molestias assumenda quis qui aliquid et quidem. Quia dolor quaerat unde eos. Quasi ut qui ut sint nobis.', 'http://klockolowe.org/');
INSERT INTO `publishers` (`id`, `name`, `description`, `link`) VALUES ('30', 'consequuntur', 'Accusamus numquam magnam tenetur voluptas nihil qui. Quia blanditiis laudantium beatae expedita tempora. Reprehenderit autem vitae ut eum vero velit. Eos quia aliquid omnis et nulla.', 'http://jacobs.com/');
INSERT INTO `publishers` (`id`, `name`, `description`, `link`) VALUES ('31', 'fugiat', 'Sunt laudantium dolor delectus neque ut officia. Nihil iure nesciunt autem adipisci. Voluptate laudantium velit deleniti sit earum.', 'http://www.zemlak.info/');
INSERT INTO `publishers` (`id`, `name`, `description`, `link`) VALUES ('32', 'iure', 'Aut aut quia praesentium non. Aut quas qui itaque commodi dolore adipisci et. Perferendis magni odit ut sapiente alias alias.', 'http://www.schuster.net/');
INSERT INTO `publishers` (`id`, `name`, `description`, `link`) VALUES ('33', 'ratione', 'Voluptas neque fugit rerum minus aut numquam. Sunt optio quo earum est accusantium aut. Possimus sed rerum in officiis est omnis.', 'http://www.mertz.com/');
INSERT INTO `publishers` (`id`, `name`, `description`, `link`) VALUES ('34', 'doloribus', 'Consequuntur et ipsum dolorem expedita dolores. Ipsam ex qui reprehenderit nobis harum non omnis. Veritatis non occaecati eum eum aliquam similique. Repellat libero at omnis aut consequatur ut minima.', 'http://www.hermiston.org/');
INSERT INTO `publishers` (`id`, `name`, `description`, `link`) VALUES ('35', 'corporis', 'At quis blanditiis voluptatum modi et. Qui est eum necessitatibus dolorem. Vitae quasi sunt aut quo vel eligendi temporibus. Voluptates esse quae assumenda voluptates ea molestiae neque.', 'http://www.connellyfisher.com/');
INSERT INTO `publishers` (`id`, `name`, `description`, `link`) VALUES ('36', 'est', 'Dignissimos quia veniam ipsum et ut. Animi ducimus ut autem eos quae. Soluta placeat porro nihil aut rerum minima.', 'http://www.torp.com/');
INSERT INTO `publishers` (`id`, `name`, `description`, `link`) VALUES ('37', 'rerum', 'Qui ut modi dolorum vel natus ut. Voluptatum provident dolor et laborum accusamus error occaecati. Soluta qui voluptatem quidem ab qui repellendus distinctio temporibus. Harum id velit distinctio quia excepturi.', 'http://www.rosenbaumsimonis.biz/');
INSERT INTO `publishers` (`id`, `name`, `description`, `link`) VALUES ('38', 'enim', 'Laudantium nulla sunt sit enim eos accusantium et. Modi quidem quidem quam expedita cumque occaecati. Aperiam et vel cupiditate voluptatem.', 'http://www.kozeywyman.com/');
INSERT INTO `publishers` (`id`, `name`, `description`, `link`) VALUES ('39', 'quod', 'Adipisci eius et architecto eaque. Vitae autem eum voluptatem voluptatibus. Qui sed molestias sed id placeat corrupti.', 'http://wilkinson.com/');
INSERT INTO `publishers` (`id`, `name`, `description`, `link`) VALUES ('40', 'ea', 'Est error dolorem iste veritatis. Perspiciatis quidem iste non odit quasi enim repellat nobis. Et tempora officia et cupiditate earum nisi et. Doloribus dicta aliquam ab aut similique. Rerum ullam atque nam nostrum.', 'http://www.cole.com/');
INSERT INTO `publishers` (`id`, `name`, `description`, `link`) VALUES ('41', 'sit', 'Fuga voluptatem magnam qui porro. Distinctio voluptatibus cupiditate id itaque neque aliquam sint. Nihil iure pariatur veniam voluptas nemo.', 'http://beerwilkinson.com/');
INSERT INTO `publishers` (`id`, `name`, `description`, `link`) VALUES ('42', 'autem', 'Et libero atque neque reiciendis ea voluptates ea. Sapiente eius est laborum labore voluptas. Cumque voluptatum mollitia incidunt molestias. Et et facilis et in magnam. Nihil qui eos qui enim voluptatem.', 'http://greenholt.com/');
INSERT INTO `publishers` (`id`, `name`, `description`, `link`) VALUES ('43', 'reiciendis', 'Ducimus aut enim occaecati molestiae eos libero dolor. Enim nesciunt in pariatur ducimus alias. Ratione eos aspernatur sapiente distinctio aut. Consequuntur nemo amet magnam est vero a.', 'http://www.gottliebauer.com/');
INSERT INTO `publishers` (`id`, `name`, `description`, `link`) VALUES ('44', 'beatae', 'Fuga sit et eius voluptas nesciunt. Quo temporibus quaerat aut. Sit unde quaerat doloribus aperiam in voluptate.', 'http://baumbachkerluke.com/');
INSERT INTO `publishers` (`id`, `name`, `description`, `link`) VALUES ('45', 'excepturi', 'Ab dicta error sint inventore et eveniet vero. Et distinctio quo rerum dignissimos sit magnam animi. Optio eos praesentium quia temporibus.', 'http://rogahn.net/');
INSERT INTO `publishers` (`id`, `name`, `description`, `link`) VALUES ('46', 'etq', 'Mollitia sit voluptates et minima enim quia. Quasi ipsum magni ratione dicta est ut dolorem. Possimus velit corrupti natus.', 'http://www.larkinryan.com/');
INSERT INTO `publishers` (`id`, `name`, `description`, `link`) VALUES ('47', 'quis', 'Dolore harum consequatur unde iure laboriosam odit ut beatae. Sit et consectetur id beatae rem. Possimus non rerum soluta quibusdam debitis occaecati est. Rem velit quis iusto eos excepturi.', 'http://www.howe.com/');
INSERT INTO `publishers` (`id`, `name`, `description`, `link`) VALUES ('48', 'similique', 'Aperiam sint ad dicta quia et. Non cum debitis repellat unde quam quod. Inventore sint eum dolorum.', 'http://mclaughlinframi.org/');
INSERT INTO `publishers` (`id`, `name`, `description`, `link`) VALUES ('49', 'non', 'Doloremque ea qui mollitia a nobis ullam voluptate accusantium. Hic inventore libero qui consequatur natus. Perspiciatis hic fugiat recusandae iusto voluptas. Quos mollitia autem quo nihil nihil magni perspiciatis ut.', 'http://www.kunde.biz/');
INSERT INTO `publishers` (`id`, `name`, `description`, `link`) VALUES ('50', 'inventore', 'Sunt dignissimos placeat provident qui ut. Inventore nam vel ipsam dolorem. Magnam quia reprehenderit libero et aut et porro.', 'http://www.hauckgoldner.com/');
INSERT INTO `publishers` (`id`, `name`, `description`, `link`) VALUES ('51', 'dolore', 'Dolor alias quis odit dicta enim. Est culpa aperiam odit officiis sunt facilis consequatur.', 'http://www.collinscrona.com/');
INSERT INTO `publishers` (`id`, `name`, `description`, `link`) VALUES ('52', 'voluptatem', 'Vel molestias temporibus facere et quam inventore assumenda. Ea sunt dolores quod praesentium. Tempora excepturi minus mollitia. In tempore nulla dolores eveniet aut et quae ut.', 'http://barton.biz/');
INSERT INTO `publishers` (`id`, `name`, `description`, `link`) VALUES ('53', 'odit', 'Esse cumque ut quasi quia amet sed cum iusto. Harum qui libero quaerat animi suscipit ut laudantium itaque. Dignissimos quisquam dolorum dolor rerum quis atque.', 'http://www.dibbertboehm.com/');
INSERT INTO `publishers` (`id`, `name`, `description`, `link`) VALUES ('54', 'numquam', 'Enim ut fugit in voluptatum. Rerum laborum ad necessitatibus accusantium. Omnis dolorum eum vel consequatur id perferendis.', 'http://www.mcclurehamill.info/');
INSERT INTO `publishers` (`id`, `name`, `description`, `link`) VALUES ('55', 'aperiam', 'Odio debitis aperiam impedit facere. Maiores nostrum dolorem ipsa omnis. Dolor adipisci sint hic aut assumenda. Qui voluptas et aspernatur aut sed.', 'http://www.schmidt.biz/');
INSERT INTO `publishers` (`id`, `name`, `description`, `link`) VALUES ('56', 'omnis', 'Suscipit doloribus aut non non. Aut quia error provident omnis officia consequatur. Corporis enim in odio impedit enim dolorem quia.', 'http://www.steuber.net/');
INSERT INTO `publishers` (`id`, `name`, `description`, `link`) VALUES ('57', 'a', 'Dolore ut qui illo sapiente sed. Eos perspiciatis eius est natus beatae sed. Vel odio vel pariatur id fugiat architecto aut.', 'http://heaney.com/');
INSERT INTO `publishers` (`id`, `name`, `description`, `link`) VALUES ('58', 'necessitatibus', 'Nostrum fugit qui quo totam. In quo voluptas illum ut. Ut temporibus quo in repellat. Voluptates perspiciatis qui numquam.', 'http://www.mcglynnstreich.com/');
INSERT INTO `publishers` (`id`, `name`, `description`, `link`) VALUES ('59', 'dolor', 'Error et qui sit fugit aut. Ut aut et vel quaerat consequatur dicta. Unde minima reiciendis libero sunt repudiandae voluptatem. Ducimus eligendi praesentium exercitationem laudantium ea consectetur. Doloribus repellendus iusto est inventore consequatur.', 'http://goyette.com/');
INSERT INTO `publishers` (`id`, `name`, `description`, `link`) VALUES ('60', 'rem', 'Distinctio dolores sed illum delectus quis consequatur similique. Et impedit iste fugit amet ut. Dolor accusantium ullam tempora occaecati incidunt. Vitae optio minus qui rerum adipisci.', 'http://www.pacocha.com/');
INSERT INTO `publishers` (`id`, `name`, `description`, `link`) VALUES ('61', 'commodi', 'Velit veritatis animi harum ex. Quam qui est quas tempore eos. Nesciunt nihil ab id error.', 'http://jaskolski.org/');
INSERT INTO `publishers` (`id`, `name`, `description`, `link`) VALUES ('62', 'ad', 'Quia cumque quod tempore eum hic quia. Vero vero veniam optio facere et in. Sapiente laboriosam consequatur cum. Sed quaerat corporis a ab laborum suscipit aut blanditiis.', 'http://williamson.com/');
INSERT INTO `publishers` (`id`, `name`, `description`, `link`) VALUES ('63', 'totam', 'Fuga dolorum necessitatibus quia voluptatibus id ut. Velit recusandae quod nobis impedit aut libero deserunt. Quia dolor ad qui porro ut sint consequatur.', 'http://ziemannhowe.biz/');
INSERT INTO `publishers` (`id`, `name`, `description`, `link`) VALUES ('64', 'libero', 'Sapiente consectetur dolorem consectetur temporibus. Suscipit nihil delectus sit impedit aliquam. Veritatis quia et id neque. Consequatur magni repellendus aliquid pariatur.', 'http://willkuhic.com/');
INSERT INTO `publishers` (`id`, `name`, `description`, `link`) VALUES ('65', 'facere', 'Qui ex placeat sunt non aut. Quia qui eos eveniet voluptas.', 'http://romagueralemke.com/');
INSERT INTO `publishers` (`id`, `name`, `description`, `link`) VALUES ('66', 'id', 'Amet reprehenderit temporibus animi sequi quae labore. Nemo earum impedit accusamus ipsum harum labore quae. Illum natus unde quisquam tempore est velit at inventore. Libero expedita veniam enim.', 'http://www.hermistonrolfson.com/');
INSERT INTO `publishers` (`id`, `name`, `description`, `link`) VALUES ('67', 'molestiae', 'Unde deleniti recusandae vel aperiam et. Tempora est perspiciatis explicabo et nesciunt quaerat. Voluptas fugit id unde eligendi.', 'http://hilpert.net/');
INSERT INTO `publishers` (`id`, `name`, `description`, `link`) VALUES ('68', 'quidem', 'Ea vel exercitationem non dicta magnam quam et laborum. Explicabo occaecati facilis ea qui ut. Consequatur necessitatibus natus error qui magnam totam nihil.', 'http://nolan.com/');
INSERT INTO `publishers` (`id`, `name`, `description`, `link`) VALUES ('69', 'odio', 'Et voluptas molestiae et porro perspiciatis et sint corrupti. Repellendus autem hic maiores iusto dolorum debitis non.', 'http://www.nolan.com/');
INSERT INTO `publishers` (`id`, `name`, `description`, `link`) VALUES ('70', 'dolores', 'Sit veniam eos quia et voluptates dicta et. Aut ut quasi et non quis. Ut occaecati qui officiis rem aspernatur. Et et illum deleniti architecto.', 'http://kemmer.biz/');
INSERT INTO `publishers` (`id`, `name`, `description`, `link`) VALUES ('71', 'eius', 'Repellendus ut illum dolor ut voluptatem deleniti. Ratione excepturi voluptas debitis esse architecto dolor. Quas molestias dolore occaecati et velit. Aspernatur velit tempora qui dolor.', 'http://www.feest.com/');
INSERT INTO `publishers` (`id`, `name`, `description`, `link`) VALUES ('72', 'perspiciatis', 'Sunt quia excepturi aut eveniet sit omnis. Autem laborum et neque ex aut est nam. Sed quis quo aut laborum et libero vel. Ipsum quis blanditiis est nesciunt veritatis in. Et quis veniam quod in.', 'http://www.haag.biz/');
INSERT INTO `publishers` (`id`, `name`, `description`, `link`) VALUES ('73', 'corrupti', 'Sed ea soluta ipsa maiores. Excepturi dolor ullam illum aut soluta enim. Assumenda omnis quis facere cum. Occaecati omnis quis deserunt dolores.', 'http://fay.com/');
INSERT INTO `publishers` (`id`, `name`, `description`, `link`) VALUES ('74', 'voluptates', 'Aperiam molestias sed et nisi totam similique. Autem accusamus exercitationem illum quidem quam necessitatibus sed. Aperiam voluptatem totam eos similique voluptas recusandae placeat. Voluptas provident cupiditate non quo exercitationem.', 'http://www.altenwerth.info/');
INSERT INTO `publishers` (`id`, `name`, `description`, `link`) VALUES ('75', 'vero', 'Voluptatem aliquid quia et aliquam qui quia. Perferendis qui distinctio excepturi excepturi libero unde. Consectetur mollitia minus laborum et vel. Qui odio ea at odio.', 'http://www.champlin.net/');
INSERT INTO `publishers` (`id`, `name`, `description`, `link`) VALUES ('76', 'minima', 'Cum cumque a omnis architecto ab earum cumque. Quibusdam deleniti nisi qui sed. Ut saepe ea ullam exercitationem nemo. Neque vel et aut et animi tempore autem.', 'http://www.legros.com/');
INSERT INTO `publishers` (`id`, `name`, `description`, `link`) VALUES ('77', 'aspernatur', 'Est soluta sit sit. Odio nemo illo sed molestiae explicabo. Animi atque voluptatem dolores et enim officia dicta. Quod voluptas fugiat esse in voluptas et amet.', 'http://www.bashirianmetz.com/');
INSERT INTO `publishers` (`id`, `name`, `description`, `link`) VALUES ('78', 'reprehenderit', 'Ipsam cum et aspernatur voluptatibus maxime. Magni est dolores tempore hic dolores magnam. Dolorem adipisci cupiditate doloribus. Ullam beatae incidunt nemo quia.', 'http://www.will.com/');
INSERT INTO `publishers` (`id`, `name`, `description`, `link`) VALUES ('79', 'laudantium', 'Culpa optio veritatis reiciendis qui temporibus. Consequatur earum facere velit. Culpa ut voluptatem voluptatem quidem sed est.', 'http://www.emard.com/');
INSERT INTO `publishers` (`id`, `name`, `description`, `link`) VALUES ('80', 'vitae', 'Veritatis iure minus et earum est tempora maxime. Et eveniet tempore non consequatur. Recusandae cumque nisi iusto nemo blanditiis illum deleniti. Optio magnam voluptatem error repudiandae ut.', 'http://bayer.org/');
INSERT INTO `publishers` (`id`, `name`, `description`, `link`) VALUES ('81', 'debitis', 'Dolor autem quis quia perferendis voluptas sit dolorem. Est corporis qui sunt facere. Hic at aliquam magnam voluptatem illum ut. Aliquid est non illum dolores at voluptas quia facilis.', 'http://damore.com/');
INSERT INTO `publishers` (`id`, `name`, `description`, `link`) VALUES ('82', 'nesciunt', 'Magnam ut consequuntur est eos excepturi aut eum praesentium. Quisquam necessitatibus unde in voluptatum est optio quod. Unde odio et placeat. Omnis et fuga alias voluptatum aut modi.', 'http://paucekhermann.com/');
INSERT INTO `publishers` (`id`, `name`, `description`, `link`) VALUES ('83', 'qui', 'Eligendi dolorem inventore harum nulla. Esse qui voluptatem quam explicabo pariatur. Libero qui iure et consequatur sed sed dolorem. Aut minima ut est rerum. Dolores nihil modi placeat iure.', 'http://www.schroedermueller.net/');
INSERT INTO `publishers` (`id`, `name`, `description`, `link`) VALUES ('84', 'veniam', 'Eveniet dolorem eos quas. Itaque voluptates nesciunt officia accusamus tempora. Rerum ea voluptas rerum illo omnis. Soluta a sed debitis quisquam sed.', 'http://www.kirlinlind.com/');
INSERT INTO `publishers` (`id`, `name`, `description`, `link`) VALUES ('85', 'perferendis', 'Quam consequatur est quibusdam debitis minus. Accusantium libero ratione animi id. In vero quas et saepe debitis. Nostrum veniam impedit vel quaerat sunt dolorem soluta.', 'http://haaggibson.biz/');
INSERT INTO `publishers` (`id`, `name`, `description`, `link`) VALUES ('86', 'soluta', 'Earum aliquam quam perspiciatis odit nobis quia ut. Sequi in fugit est sapiente praesentium. Sint fugiat qui rerum officiis quidem est.', 'http://haleywillms.com/');
INSERT INTO `publishers` (`id`, `name`, `description`, `link`) VALUES ('87', 'delectus', 'Sint vel laboriosam omnis. Excepturi at quis hic omnis commodi. Eius vel voluptas dolore quisquam at.', 'http://www.predovichickle.com/');
INSERT INTO `publishers` (`id`, `name`, `description`, `link`) VALUES ('88', 'quo', 'Laboriosam laborum debitis ipsum voluptatem et molestiae perferendis. Necessitatibus sed sed placeat.', 'http://kleinwaters.biz/');
INSERT INTO `publishers` (`id`, `name`, `description`, `link`) VALUES ('89', 'nam', 'Optio esse qui culpa hic corrupti rem. Est rerum voluptas voluptate neque laborum suscipit voluptatem. Excepturi illum dolores facilis totam dicta. Molestiae harum et eum praesentium.', 'http://www.ferry.com/');
INSERT INTO `publishers` (`id`, `name`, `description`, `link`) VALUES ('90', 'nostrum', 'Ratione esse inventore laborum est. Deserunt cum aut quos facilis voluptatibus. Aperiam quia qui repellat quas.', 'http://huel.com/');
INSERT INTO `publishers` (`id`, `name`, `description`, `link`) VALUES ('91', 'nisi', 'Animi dolorum ab autem. Repellat alias ut mollitia a consectetur. Voluptas temporibus modi quia magni ut.', 'http://www.powlowski.com/');
INSERT INTO `publishers` (`id`, `name`, `description`, `link`) VALUES ('92', 'officiis', 'Ab sint voluptate earum ex distinctio voluptatem dolorem. Non animi culpa consequatur qui. Incidunt ullam voluptates similique minus necessitatibus.', 'http://konopelskidenesik.info/');
INSERT INTO `publishers` (`id`, `name`, `description`, `link`) VALUES ('93', 'placeat', 'Eos a quisquam qui fugiat ea. Et ex corporis omnis non neque laborum dolore. Incidunt vel consequatur suscipit deleniti. Aperiam vero aperiam voluptate qui vitae.', 'http://www.ohara.com/');
INSERT INTO `publishers` (`id`, `name`, `description`, `link`) VALUES ('94', 'voluptas', 'Atque rem ipsum nobis commodi voluptates consectetur et. Dolorem eaque dolores alias quod quia est maxime. Praesentium cumque assumenda minus culpa. Blanditiis qui dicta eos veniam in hic illum.', 'http://walker.biz/');
INSERT INTO `publishers` (`id`, `name`, `description`, `link`) VALUES ('95', 'ab', 'Porro recusandae qui voluptas in quo. Odit aperiam quam impedit. Sapiente quasi nobis maiores officia animi repellat et.', 'http://www.kiehn.com/');
INSERT INTO `publishers` (`id`, `name`, `description`, `link`) VALUES ('96', 'nulla', 'Explicabo ea error aut necessitatibus. Possimus dolore sint nihil quisquam vero delectus laboriosam. Placeat sed totam eum repudiandae. Eos mollitia quae maiores atque velit.', 'http://hayesmccullough.net/');
INSERT INTO `publishers` (`id`, `name`, `description`, `link`) VALUES ('97', 'aliquid', 'Ea consectetur autem beatae culpa voluptas veniam. Amet quasi amet quas dolores impedit corrupti sed. Et aperiam voluptate quas autem autem blanditiis necessitatibus.', 'http://www.howeebert.com/');
INSERT INTO `publishers` (`id`, `name`, `description`, `link`) VALUES ('98', 'recusandae', 'Et at quia aliquid. Voluptates sapiente repudiandae libero provident et.', 'http://www.ziemann.com/');
INSERT INTO `publishers` (`id`, `name`, `description`, `link`) VALUES ('99', 'neque', 'Aut consequuntur similique et. Quis atque adipisci illum veritatis in quia quia aspernatur. Libero mollitia dolor consequuntur. Enim unde commodi sit ut dolor sed. Autem enim ex laudantium fuga.', 'http://www.hand.net/');
INSERT INTO `publishers` (`id`, `name`, `description`, `link`) VALUES ('100', 'dicta', 'Illo corporis voluptas corporis laboriosam et blanditiis repellat. Soluta nisi ut expedita odio ut qui. Nam sequi magnam repellat facere omnis quod. Cum sint alias aut eaque dolor aperiam officia.', 'http://walker.biz/');


delete from series;

INSERT INTO `series` (`id`, `name`, `publisher_id`) VALUES ('1', 'error', '1');
INSERT INTO `series` (`id`, `name`, `publisher_id`) VALUES ('2', 'ut', '2');
INSERT INTO `series` (`id`, `name`, `publisher_id`) VALUES ('3', 'perferendis', '3');
INSERT INTO `series` (`id`, `name`, `publisher_id`) VALUES ('4', 'eveniet', '4');
INSERT INTO `series` (`id`, `name`, `publisher_id`) VALUES ('5', 'laboriosam', '5');
INSERT INTO `series` (`id`, `name`, `publisher_id`) VALUES ('6', 'voluptas', '6');
INSERT INTO `series` (`id`, `name`, `publisher_id`) VALUES ('7', 'quas', '7');
INSERT INTO `series` (`id`, `name`, `publisher_id`) VALUES ('8', 'qui', '8');
INSERT INTO `series` (`id`, `name`, `publisher_id`) VALUES ('9', 'rerum', '9');
INSERT INTO `series` (`id`, `name`, `publisher_id`) VALUES ('10', 'est', '10');
INSERT INTO `series` (`id`, `name`, `publisher_id`) VALUES ('11', 'ipsam', '11');
INSERT INTO `series` (`id`, `name`, `publisher_id`) VALUES ('12', 'non', '12');
INSERT INTO `series` (`id`, `name`, `publisher_id`) VALUES ('13', 'hic', '13');
INSERT INTO `series` (`id`, `name`, `publisher_id`) VALUES ('14', 'molestias', '14');
INSERT INTO `series` (`id`, `name`, `publisher_id`) VALUES ('15', 'quisquam', '15');
INSERT INTO `series` (`id`, `name`, `publisher_id`) VALUES ('16', 'beatae', '16');
INSERT INTO `series` (`id`, `name`, `publisher_id`) VALUES ('17', 'consectetur', '17');
INSERT INTO `series` (`id`, `name`, `publisher_id`) VALUES ('18', 'architecto', '18');
INSERT INTO `series` (`id`, `name`, `publisher_id`) VALUES ('19', 'molestiae', '19');
INSERT INTO `series` (`id`, `name`, `publisher_id`) VALUES ('20', 'illum', '20');

INSERT INTO `categories` (`id`, `name`) VALUES ('1', 'aspernatur');
INSERT INTO `categories` (`id`, `name`) VALUES ('2', 'dignissimos');
INSERT INTO `categories` (`id`, `name`, `parent_id`) VALUES ('3', 'sint', '3');
INSERT INTO `categories` (`id`, `name`, `parent_id`) VALUES ('4', 'libero', '1');
INSERT INTO `categories` (`id`, `name`, `parent_id`) VALUES ('5', 'dolores', '5');
INSERT INTO `categories` (`id`, `name`) VALUES ('6', 'enim');
INSERT INTO `categories` (`id`, `name`, `parent_id`) VALUES ('7', 'provident', '6');
INSERT INTO `categories` (`id`, `name`, `parent_id`) VALUES ('8', 'etq', '5');
INSERT INTO `categories` (`id`, `name`, `parent_id`) VALUES ('9', 'quaerat', '3');
INSERT INTO `categories` (`id`, `name`, `parent_id`) VALUES ('10', 'delectus', '3');
INSERT INTO `categories` (`id`, `name`, `parent_id`) VALUES ('11', 'iste', '6');
INSERT INTO `categories` (`id`, `name`, `parent_id`) VALUES ('12', 'maxime', '10');
INSERT INTO `categories` (`id`, `name`, `parent_id`) VALUES ('13', 'neque', '3');
INSERT INTO `categories` (`id`, `name`, `parent_id`) VALUES ('14', 'sed', '9');
INSERT INTO `categories` (`id`, `name`, `parent_id`) VALUES ('15', 'eum', '2');
INSERT INTO `categories` (`id`, `name`, `parent_id`) VALUES ('16', 'odio', '1');
INSERT INTO `categories` (`id`, `name`, `parent_id`) VALUES ('17', 'nam', '5');
INSERT INTO `categories` (`id`, `name`, `parent_id`) VALUES ('18', 'qui', '10');
INSERT INTO `categories` (`id`, `name`, `parent_id`) VALUES ('19', 'excepturi', '3');
INSERT INTO `categories` (`id`, `name`, `parent_id`) VALUES ('20', 'nemo', '6');
INSERT INTO `categories` (`id`, `name`, `parent_id`) VALUES ('21', 'pariatur', '3');
INSERT INTO `categories` (`id`, `name`, `parent_id`) VALUES ('22', 'ut', '8');
INSERT INTO `categories` (`id`, `name`, `parent_id`) VALUES ('23', 'minus', '9');
INSERT INTO `categories` (`id`, `name`, `parent_id`) VALUES ('24', 'unde', '7');
INSERT INTO `categories` (`id`, `name`, `parent_id`) VALUES ('25', 'quia', '9');
INSERT INTO `categories` (`id`, `name`, `parent_id`) VALUES ('26', 'nostrum', '7');
INSERT INTO `categories` (`id`, `name`, `parent_id`) VALUES ('27', 'dolor', '1');
INSERT INTO `categories` (`id`, `name`, `parent_id`) VALUES ('28', 'minima', '1');
INSERT INTO `categories` (`id`, `name`, `parent_id`) VALUES ('29', 'quam', '6');
INSERT INTO `categories` (`id`, `name`, `parent_id`) VALUES ('30', 'doloremque', '4');
INSERT INTO `categories` (`id`, `name`, `parent_id`) VALUES ('31', 'ipsa', '6');
INSERT INTO `categories` (`id`, `name`, `parent_id`) VALUES ('32', 'est', '2');
INSERT INTO `categories` (`id`, `name`, `parent_id`) VALUES ('33', 'velit', '3');
INSERT INTO `categories` (`id`, `name`, `parent_id`) VALUES ('34', 'impedit', '5');
INSERT INTO `categories` (`id`, `name`, `parent_id`) VALUES ('35', 'adipisci', '7');
INSERT INTO `categories` (`id`, `name`, `parent_id`) VALUES ('36', 'quo', '5');
INSERT INTO `categories` (`id`, `name`, `parent_id`) VALUES ('37', 'sunt', '8');
INSERT INTO `categories` (`id`, `name`, `parent_id`) VALUES ('38', 'quis', '8');
INSERT INTO `categories` (`id`, `name`, `parent_id`) VALUES ('39', 'atque', '9');
INSERT INTO `categories` (`id`, `name`, `parent_id`) VALUES ('40', 'odit', '1');
INSERT INTO `categories` (`id`, `name`, `parent_id`) VALUES ('41', 'repellendus', '9');
INSERT INTO `categories` (`id`, `name`, `parent_id`) VALUES ('42', 'eveniet', '4');
INSERT INTO `categories` (`id`, `name`, `parent_id`) VALUES ('43', 'quibusdam', '4');
INSERT INTO `categories` (`id`, `name`, `parent_id`) VALUES ('44', 'soluta', '3');
INSERT INTO `categories` (`id`, `name`, `parent_id`) VALUES ('45', 'facere', '6');
INSERT INTO `categories` (`id`, `name`, `parent_id`) VALUES ('46', 'quisquam', '1');
INSERT INTO `categories` (`id`, `name`, `parent_id`) VALUES ('47', 'voluptas', '6');
INSERT INTO `categories` (`id`, `name`, `parent_id`) VALUES ('48', 'veniam', '5');
INSERT INTO `categories` (`id`, `name`, `parent_id`) VALUES ('49', 'tenetur', '7');
INSERT INTO `categories` (`id`, `name`, `parent_id`) VALUES ('50', 'explicabo', '3');
INSERT INTO `categories` (`id`, `name`, `parent_id`) VALUES ('51', 'esse', '1');
INSERT INTO `categories` (`id`, `name`, `parent_id`) VALUES ('52', 'officia', '5');
INSERT INTO `categories` (`id`, `name`, `parent_id`) VALUES ('53', 'dolore', '9');
INSERT INTO `categories` (`id`, `name`, `parent_id`) VALUES ('54', 'iusto', '10');
INSERT INTO `categories` (`id`, `name`, `parent_id`) VALUES ('55', 'quod', '2');
INSERT INTO `categories` (`id`, `name`, `parent_id`) VALUES ('56', 'rem', '6');
INSERT INTO `categories` (`id`, `name`, `parent_id`) VALUES ('57', 'saepe', '5');
INSERT INTO `categories` (`id`, `name`, `parent_id`) VALUES ('58', 'ex', '2');
INSERT INTO `categories` (`id`, `name`, `parent_id`) VALUES ('59', 'fugiat', '6');
INSERT INTO `categories` (`id`, `name`, `parent_id`) VALUES ('60', 'reprehenderit', '8');
INSERT INTO `categories` (`id`, `name`, `parent_id`) VALUES ('61', 'praesentium', '1');
INSERT INTO `categories` (`id`, `name`, `parent_id`) VALUES ('62', 'inventore', '6');
INSERT INTO `categories` (`id`, `name`, `parent_id`) VALUES ('63', 'reiciendis', '2');
INSERT INTO `categories` (`id`, `name`, `parent_id`) VALUES ('64', 'earum', '2');
INSERT INTO `categories` (`id`, `name`, `parent_id`) VALUES ('65', 'non', '8');
INSERT INTO `categories` (`id`, `name`, `parent_id`) VALUES ('66', 'at', '5');
INSERT INTO `categories` (`id`, `name`, `parent_id`) VALUES ('67', 'aut', '7');
INSERT INTO `categories` (`id`, `name`, `parent_id`) VALUES ('68', 'molestiae', '5');
INSERT INTO `categories` (`id`, `name`, `parent_id`) VALUES ('69', 'voluptatum', '8');
INSERT INTO `categories` (`id`, `name`, `parent_id`) VALUES ('70', 'voluptatem', '1');
INSERT INTO `categories` (`id`, `name`, `parent_id`) VALUES ('71', 'iure', '5');
INSERT INTO `categories` (`id`, `name`, `parent_id`) VALUES ('72', 'in', '1');
INSERT INTO `categories` (`id`, `name`, `parent_id`) VALUES ('73', 'corporis', '1');
INSERT INTO `categories` (`id`, `name`, `parent_id`) VALUES ('74', 'nihil', '9');
INSERT INTO `categories` (`id`, `name`, `parent_id`) VALUES ('75', 'consectetur', '7');
INSERT INTO `categories` (`id`, `name`, `parent_id`) VALUES ('76', 'maiores', '2');
INSERT INTO `categories` (`id`, `name`, `parent_id`) VALUES ('77', 'dolorum', '3');
INSERT INTO `categories` (`id`, `name`, `parent_id`) VALUES ('78', 'recusandae', '3');
INSERT INTO `categories` (`id`, `name`, `parent_id`) VALUES ('79', 'quae', '8');
INSERT INTO `categories` (`id`, `name`, `parent_id`) VALUES ('80', 'consequatur', '1');
INSERT INTO `categories` (`id`, `name`, `parent_id`) VALUES ('81', 'doloribus', '10');
INSERT INTO `categories` (`id`, `name`, `parent_id`) VALUES ('82', 'dicta', '9');
INSERT INTO `categories` (`id`, `name`, `parent_id`) VALUES ('83', 'sequi', '7');
INSERT INTO `categories` (`id`, `name`, `parent_id`) VALUES ('84', 'ducimus', '9');
INSERT INTO `categories` (`id`, `name`, `parent_id`) VALUES ('85', 'numquam', '10');
INSERT INTO `categories` (`id`, `name`, `parent_id`) VALUES ('86', 'quasi', '3');
INSERT INTO `categories` (`id`, `name`, `parent_id`) VALUES ('87', 'rerum', '1');
INSERT INTO `categories` (`id`, `name`, `parent_id`) VALUES ('88', 'nesciunt', '7');
INSERT INTO `categories` (`id`, `name`, `parent_id`) VALUES ('89', 'porro', '1');
INSERT INTO `categories` (`id`, `name`, `parent_id`) VALUES ('90', 'voluptate', '7');
INSERT INTO `categories` (`id`, `name`, `parent_id`) VALUES ('91', 'perspiciatis', '9');
INSERT INTO `categories` (`id`, `name`, `parent_id`) VALUES ('92', 'eligendi', '1');
INSERT INTO `categories` (`id`, `name`, `parent_id`) VALUES ('93', 'cumque', '9');
INSERT INTO `categories` (`id`, `name`, `parent_id`) VALUES ('94', 'ad', '1');
INSERT INTO `categories` (`id`, `name`, `parent_id`) VALUES ('95', 'debitis', '3');
INSERT INTO `categories` (`id`, `name`, `parent_id`) VALUES ('96', 'asperiores', '6');
INSERT INTO `categories` (`id`, `name`, `parent_id`) VALUES ('97', 'sit', '1');
INSERT INTO `categories` (`id`, `name`, `parent_id`) VALUES ('98', 'fuga', '6');
INSERT INTO `categories` (`id`, `name`, `parent_id`) VALUES ('99', 'modi', '8');
INSERT INTO `categories` (`id`, `name`, `parent_id`) VALUES ('100', 'eaque', '4');


INSERT INTO `books` (`id`, `name`, `description`, `isbn`, `page_count`, `weigth`, `publisher_id`, `category_id`, `series_id`) VALUES ('1', 'illum', 'Et amet molestiae velit porro incidunt. Ea consectetur et pariatur aut. Est perferendis voluptatem aut exercitationem aliquid.', 'fugiat', 701, 296, '91', '98', '13');
INSERT INTO `books` (`id`, `name`, `description`, `isbn`, `page_count`, `weigth`, `publisher_id`, `category_id`, `series_id`) VALUES ('2', 'accusantium', 'Id quasi minima mollitia molestias eveniet quidem quibusdam illo. Sed sequi ipsum iure sit suscipit eum. Qui voluptatem facere dignissimos quia nihil voluptates consequatur ut.', 'etw', 814, 453, '23', '75', '12');
INSERT INTO `books` (`id`, `name`, `description`, `isbn`, `page_count`, `weigth`, `publisher_id`, `category_id`, `series_id`) VALUES ('3', 'perspiciatis', 'Ab neque dolor omnis nihil. Et unde voluptatem blanditiis repellat tempore.', 'eos', 120, 146, '96', '90', '5');
INSERT INTO `books` (`id`, `name`, `description`, `isbn`, `page_count`, `weigth`, `publisher_id`, `category_id`, `series_id`) VALUES ('4', 'omnis', 'Dolores harum et qui expedita. Est iste ratione veniam possimus est earum praesentium. Voluptatem dolores et doloremque id corrupti eos tempora. Explicabo unde consectetur magni.', 'officia', 820, 258, '54', '21', '3');
INSERT INTO `books` (`id`, `name`, `description`, `isbn`, `page_count`, `weigth`, `publisher_id`, `category_id`, `series_id`) VALUES ('5', 'in', 'Itaque temporibus est est. Est velit enim a in quos.', 'accusantium', 416, 445, '96', '19', '14');
INSERT INTO `books` (`id`, `name`, `description`, `isbn`, `page_count`, `weigth`, `publisher_id`, `category_id`, `series_id`) VALUES ('6', 'quaerat', 'Quidem quae quos qui est. Ad voluptatem quaerat labore eveniet adipisci voluptatem tempore. Ut incidunt praesentium consequatur. Et consequuntur perspiciatis saepe enim voluptas aut tenetur. Aspernatur et vero ipsum illum quidem magnam minus.', 'ete', 335, 108, '80', '93', '12');
INSERT INTO `books` (`id`, `name`, `description`, `isbn`, `page_count`, `weigth`, `publisher_id`, `category_id`, `series_id`) VALUES ('7', 'unde', 'Distinctio velit accusantium dolores quo quasi consequuntur hic. Quae rerum ut sed ex sunt assumenda optio. Illo in quam odio rem. Odit voluptas odio tempore perferendis.', 'eius', 258, 316, '60', '37', '10');
INSERT INTO `books` (`id`, `name`, `description`, `isbn`, `page_count`, `weigth`, `publisher_id`, `category_id`, `series_id`) VALUES ('8', 'error', 'Sit qui et est saepe ex non. Exercitationem aspernatur autem consectetur dolor in ullam. Dolorem deserunt et at non architecto corrupti pariatur. Praesentium velit alias porro eveniet.', 'animi', 187, 389, '21', '25', '6');
INSERT INTO `books` (`id`, `name`, `description`, `isbn`, `page_count`, `weigth`, `publisher_id`, `category_id`, `series_id`) VALUES ('9', 'iusto', 'Tempora eveniet voluptatibus ut praesentium ut. Rerum aliquid aut deserunt perferendis labore est rerum. Laudantium reiciendis eos quo consequatur voluptate corporis. Aliquam dolor voluptatem non quia velit dolores.', 'aperiam', 589, 468, '83', '57', '5');
INSERT INTO `books` (`id`, `name`, `description`, `isbn`, `page_count`, `weigth`, `publisher_id`, `category_id`, `series_id`) VALUES ('10', 'omnis', 'Quis excepturi est ut consequuntur est modi odio. Est et sed reiciendis. Earum quo optio ipsa iusto omnis beatae.', 'laborum', 965, 360, '11', '83', '3');
INSERT INTO `books` (`id`, `name`, `description`, `isbn`, `page_count`, `weigth`, `publisher_id`, `category_id`, `series_id`) VALUES ('11', 'eos', 'Earum nihil magnam autem autem corporis sapiente sed. Pariatur et quasi provident ipsam perspiciatis voluptas accusamus. Accusamus ea et itaque aut iure impedit. Id qui quos sint quibusdam.', 'minus', 340, 159, '10', '63', '19');
INSERT INTO `books` (`id`, `name`, `description`, `isbn`, `page_count`, `weigth`, `publisher_id`, `category_id`, `series_id`) VALUES ('12', 'deleniti', 'Vero consequuntur dignissimos voluptas dolor cupiditate repellat. Vel dolorem enim quod sequi ut. Quo quod ex et est explicabo nihil.', 'architecto', 515, 121, '34', '95', '6');
INSERT INTO `books` (`id`, `name`, `description`, `isbn`, `page_count`, `weigth`, `publisher_id`, `category_id`, `series_id`) VALUES ('13', 'necessitatibus', 'Ea aliquam saepe autem neque qui totam. Temporibus est maiores explicabo ut molestias necessitatibus. Natus veritatis laudantium tempore quaerat alias. Dolores quia nesciunt repudiandae eum numquam omnis libero.', 'et', 305, 431, '87', '90', '7');
INSERT INTO `books` (`id`, `name`, `description`, `isbn`, `page_count`, `weigth`, `publisher_id`, `category_id`, `series_id`) VALUES ('14', 'reprehenderit', 'Sunt fugiat quasi id doloremque qui minima corporis. Error et quo similique nemo aut eveniet tenetur laborum. Porro non voluptatum alias voluptatem laborum voluptatem. Voluptatem praesentium ea dolores quam non ducimus.', 'ea', 405, 481, '88', '60', '7');
INSERT INTO `books` (`id`, `name`, `description`, `isbn`, `page_count`, `weigth`, `publisher_id`, `category_id`, `series_id`) VALUES ('15', 'expedita', 'Eum voluptas aliquam accusantium non molestias. Et a perferendis quo eaque totam ullam vel. Modi eum aliquid quasi commodi architecto maiores.', 'dolores', 714, 184, '98', '72', '9');
INSERT INTO `books` (`id`, `name`, `description`, `isbn`, `page_count`, `weigth`, `publisher_id`, `category_id`, `series_id`) VALUES ('16', 'quia', 'Quos possimus impedit deleniti ex similique saepe. Eos quia est ab voluptatem blanditiis voluptas.', 'maxime', 144, 340, '18', '88', '16');
INSERT INTO `books` (`id`, `name`, `description`, `isbn`, `page_count`, `weigth`, `publisher_id`, `category_id`, `series_id`) VALUES ('17', 'in', 'Sit consequatur nobis repudiandae dolore animi ipsam occaecati. Harum nemo alias quo ipsam libero rerum. Quia voluptatibus aperiam et voluptas.', 'totam', 261, 465, '30', '36', '5');
INSERT INTO `books` (`id`, `name`, `description`, `isbn`, `page_count`, `weigth`, `publisher_id`, `category_id`, `series_id`) VALUES ('18', 'perspiciatis', 'Minus accusantium repellat consequuntur accusantium. Et sapiente vel maiores labore totam sunt omnis qui. Dolorum ab ducimus dolore consequatur. Beatae quidem tenetur maxime ipsam quaerat voluptatum similique ducimus.', 'est', 340, 231, '65', '98', '9');
INSERT INTO `books` (`id`, `name`, `description`, `isbn`, `page_count`, `weigth`, `publisher_id`, `category_id`, `series_id`) VALUES ('19', 'suscipit', 'Quo porro et et eius qui quam. Dicta omnis vel recusandae est et. Cum vel et alias eum porro sint at.', 'minima', 500, 225, '44', '2', '14');
INSERT INTO `books` (`id`, `name`, `description`, `isbn`, `page_count`, `weigth`, `publisher_id`, `category_id`, `series_id`) VALUES ('20', 'provident', 'Voluptatem nobis harum qui veritatis. Quaerat sit molestias eum reiciendis facilis. Tempora impedit at sint eius iusto.', 'fugiate', 432, 213, '99', '46', '18');
INSERT INTO `books` (`id`, `name`, `description`, `isbn`, `page_count`, `weigth`, `publisher_id`, `category_id`, `series_id`) VALUES ('21', 'debitis', 'Quisquam dolores esse commodi sint porro est sequi cum. Exercitationem veniam adipisci voluptate omnis minima fugiat quia. Odio esse ducimus beatae neque nisi magnam tenetur.', 'libero', 511, 154, '84', '19', '12');
INSERT INTO `books` (`id`, `name`, `description`, `isbn`, `page_count`, `weigth`, `publisher_id`, `category_id`, `series_id`) VALUES ('22', 'aut', 'Et officia et quam repellat. Exercitationem magnam ut molestiae vero aliquid quia. Qui excepturi sunt et exercitationem sapiente non sit. Sapiente mollitia aliquid non eius voluptatem dolor.', 'doloribus', 826, 102, '22', '72', '9');
INSERT INTO `books` (`id`, `name`, `description`, `isbn`, `page_count`, `weigth`, `publisher_id`, `category_id`, `series_id`) VALUES ('23', 'sed', 'Consequatur ab fuga qui accusamus necessitatibus omnis qui est. Soluta quibusdam doloremque rem quo non quae. Magnam non libero ea ad.', 'reiciendis', 443, 348, '68', '80', '14');
INSERT INTO `books` (`id`, `name`, `description`, `isbn`, `page_count`, `weigth`, `publisher_id`, `category_id`, `series_id`) VALUES ('24', 'adipisci', 'Placeat temporibus animi est. Ea iusto magnam molestiae tenetur. Voluptatem expedita minus natus pariatur at quia.', 'debitis', 335, 153, '27', '78', '14');
INSERT INTO `books` (`id`, `name`, `description`, `isbn`, `page_count`, `weigth`, `publisher_id`, `category_id`, `series_id`) VALUES ('25', 'et', 'Quas molestias consequuntur quia. Reprehenderit saepe accusamus facere tempore officiis. Voluptates ducimus commodi ut soluta.', 'eveniet', 398, 110, '52', '43', '17');
INSERT INTO `books` (`id`, `name`, `description`, `isbn`, `page_count`, `weigth`, `publisher_id`, `category_id`, `series_id`) VALUES ('26', 'quia', 'Voluptatum cum ea maiores eum ut qui et. Totam quod eum cumque in quibusdam optio nam vitae. Earum laborum omnis esse sequi.', 'qui', 758, 202, '59', '19', '1');
INSERT INTO `books` (`id`, `name`, `description`, `isbn`, `page_count`, `weigth`, `publisher_id`, `category_id`, `series_id`) VALUES ('27', 'nostrum', 'Alias laudantium et illum adipisci. Autem dolorum quia libero id qui suscipit rerum voluptatem. Consequuntur incidunt ea dolor esse. Tempora tempore ipsum est assumenda praesentium ea ab assumenda.', 'hic', 124, 253, '33', '92', '3');
INSERT INTO `books` (`id`, `name`, `description`, `isbn`, `page_count`, `weigth`, `publisher_id`, `category_id`, `series_id`) VALUES ('28', 'repellendus', 'Impedit dolore dignissimos voluptatibus sunt. Totam non voluptatem sit aut.', 'voluptas', 235, 282, '71', '93', '7');
INSERT INTO `books` (`id`, `name`, `description`, `isbn`, `page_count`, `weigth`, `publisher_id`, `category_id`, `series_id`) VALUES ('29', 'id', 'Cupiditate quia sed minus quo at et quo. Quod magnam voluptatum voluptatem ex. Asperiores qui reiciendis fugit modi. Est ab veritatis iure qui.', 'omnis', 288, 282, '56', '90', '10');
INSERT INTO `books` (`id`, `name`, `description`, `isbn`, `page_count`, `weigth`, `publisher_id`, `category_id`, `series_id`) VALUES ('30', 'dolorum', 'Ipsum non itaque quibusdam suscipit sed. Vel dolor quod nihil aut. Ab aut earum quidem deserunt.', 'a', 620, 424, '7', '1', '4');
INSERT INTO `books` (`id`, `name`, `description`, `isbn`, `page_count`, `weigth`, `publisher_id`, `category_id`, `series_id`) VALUES ('31', 'fuga', 'Amet beatae assumenda fuga iure quia. Reiciendis labore voluptate est autem assumenda et placeat. Maiores nihil rerum eum veniam. Natus est molestias totam molestiae. Et suscipit est aut non consequatur repudiandae.', 'error', 365, 102, '56', '82', '11');
INSERT INTO `books` (`id`, `name`, `description`, `isbn`, `page_count`, `weigth`, `publisher_id`, `category_id`, `series_id`) VALUES ('32', 'excepturi', 'Voluptates ut sunt tempora omnis. Fuga cum dolores error culpa. Doloribus culpa nihil et ut debitis. Porro ut est rerum dolores ipsa rem.', 'optio', 531, 162, '61', '8', '16');
INSERT INTO `books` (`id`, `name`, `description`, `isbn`, `page_count`, `weigth`, `publisher_id`, `category_id`, `series_id`) VALUES ('33', 'eti', 'Error nisi officiis repudiandae optio voluptate laboriosam odit. Enim facilis cupiditate qui debitis.', 'eshj', 827, 458, '59', '41', '15');
INSERT INTO `books` (`id`, `name`, `description`, `isbn`, `page_count`, `weigth`, `publisher_id`, `category_id`, `series_id`) VALUES ('34', 'aperiam', 'Et harum sed aliquam consequatur quis. Impedit at qui sit eius est sit rem. Sunt vero velit eligendi delectus dolores velit.', 'etr', 443, 430, '87', '96', '3');
INSERT INTO `books` (`id`, `name`, `description`, `isbn`, `page_count`, `weigth`, `publisher_id`, `category_id`, `series_id`) VALUES ('35', 'deleniti', 'In atque porro occaecati aut. Tempora tenetur velit eveniet aliquam voluptatem. Minima iusto officia rerum. Possimus maxime ut et nostrum et eos. Repellendus debitis consequatur dolor eum rerum velit.', 'illum', 381, 136, '1', '19', '6');
INSERT INTO `books` (`id`, `name`, `description`, `isbn`, `page_count`, `weigth`, `publisher_id`, `category_id`, `series_id`) VALUES ('36', 'repellat', 'Explicabo esse quia natus et temporibus omnis. Nihil veritatis perspiciatis consequuntur officiis. Non earum officiis velit laboriosam velit ex.', 'voluptate', 756, 232, '7', '80', '16');
INSERT INTO `books` (`id`, `name`, `description`, `isbn`, `page_count`, `weigth`, `publisher_id`, `category_id`, `series_id`) VALUES ('37', 'vel', 'Eius necessitatibus cupiditate numquam quas et voluptas dicta. Autem molestias natus ea voluptatem facilis. Qui ullam corrupti iure quam enim saepe. Fuga eum autem repellendus rerum.', 'repellat', 781, 410, '22', '10', '12');
INSERT INTO `books` (`id`, `name`, `description`, `isbn`, `page_count`, `weigth`, `publisher_id`, `category_id`, `series_id`) VALUES ('38', 'quos', 'Reiciendis odit sed error libero quas dolorem. Eaque optio dolores cupiditate. Exercitationem dolor esse et ratione delectus.', 'atque', 121, 349, '81', '30', '15');
INSERT INTO `books` (`id`, `name`, `description`, `isbn`, `page_count`, `weigth`, `publisher_id`, `category_id`, `series_id`) VALUES ('39', 'magni', 'Quibusdam et iste magnam sapiente quaerat minima. Omnis quae illo eum excepturi voluptatem. Veritatis architecto voluptatem deserunt exercitationem nihil omnis rerum. Ex est odit ut quia in voluptate quibusdam maiores.', 'dicta', 602, 209, '94', '65', '1');
INSERT INTO `books` (`id`, `name`, `description`, `isbn`, `page_count`, `weigth`, `publisher_id`, `category_id`, `series_id`) VALUES ('40', 'est', 'Mollitia deserunt quis et inventore. Ipsum illum quidem mollitia repudiandae quia quia. Et magni recusandae earum. Ex cum id provident voluptates.', 'aperiametr', 175, 314, '9', '91', '10');
INSERT INTO `books` (`id`, `name`, `description`, `isbn`, `page_count`, `weigth`, `publisher_id`, `category_id`, `series_id`) VALUES ('41', 'dolor', 'Necessitatibus saepe eaque aut sint dolores dolorem. Quod unde omnis at dolorem. Reiciendis non atque aspernatur quod aliquam voluptatum corrupti.', 'neque', 361, 454, '85', '64', '7');
INSERT INTO `books` (`id`, `name`, `description`, `isbn`, `page_count`, `weigth`, `publisher_id`, `category_id`, `series_id`) VALUES ('42', 'voluptas', 'Corrupti delectus nesciunt magni quaerat repellat. Rem reprehenderit aut occaecati et. Atque dolores molestiae atque a numquam eum temporibus. Explicabo neque dignissimos et harum esse officia.', 'doloresww', 566, 107, '39', '34', '17');
INSERT INTO `books` (`id`, `name`, `description`, `isbn`, `page_count`, `weigth`, `publisher_id`, `category_id`, `series_id`) VALUES ('43', 'ex', 'Nihil voluptatum consequuntur rem dolores ratione. Maxime iure consequatur recusandae nam. Sint sint occaecati id quo qui laudantium.', 'alias', 660, 273, '99', '85', '11');
INSERT INTO `books` (`id`, `name`, `description`, `isbn`, `page_count`, `weigth`, `publisher_id`, `category_id`, `series_id`) VALUES ('44', 'voluptate', 'Rerum explicabo rem est illum. Aliquam vel voluptates et velit neque voluptates autem. Ut temporibus molestiae officia at ipsum necessitatibus. Non omnis mollitia quaerat.', 'rerum', 233, 284, '63', '53', '11');
INSERT INTO `books` (`id`, `name`, `description`, `isbn`, `page_count`, `weigth`, `publisher_id`, `category_id`, `series_id`) VALUES ('45', 'esse', 'Quas voluptatem commodi est ut itaque quis. Et qui a dolores dolorum quo in laboriosam aut.', 'mollitia', 212, 157, '44', '65', '5');
INSERT INTO `books` (`id`, `name`, `description`, `isbn`, `page_count`, `weigth`, `publisher_id`, `category_id`, `series_id`) VALUES ('46', 'velit', 'Molestiae voluptatibus sed cupiditate officia rem officia cum. Ea ut dignissimos similique dolor magnam eos. Nemo labore laborum fugit quia.', 'magni', 197, 315, '32', '26', '2');
INSERT INTO `books` (`id`, `name`, `description`, `isbn`, `page_count`, `weigth`, `publisher_id`, `category_id`, `series_id`) VALUES ('47', 'qui', 'Et quis non fuga perspiciatis voluptatem eaque. Suscipit nobis dolores voluptatem voluptatem. Et nemo officiis quia.', 'atqueytt', 984, 362, '8', '75', '2');
INSERT INTO `books` (`id`, `name`, `description`, `isbn`, `page_count`, `weigth`, `publisher_id`, `category_id`, `series_id`) VALUES ('48', 'error', 'Eius aut ex at ipsa quas. Atque fugiat dignissimos quia molestias totam corporis consequatur. Dolores excepturi modi nostrum eum qui.', 'modi', 532, 300, '43', '70', '16');
INSERT INTO `books` (`id`, `name`, `description`, `isbn`, `page_count`, `weigth`, `publisher_id`, `category_id`, `series_id`) VALUES ('49', 'sunt', 'Ut ex suscipit qui rerum deserunt eum ut. Minus quas laborum sit blanditiis qui. Autem rerum maxime maiores vero recusandae labore enim. Qui eos recusandae cum corporis ab deserunt.', 'incidunt', 867, 146, '47', '53', '10');
INSERT INTO `books` (`id`, `name`, `description`, `isbn`, `page_count`, `weigth`, `publisher_id`, `category_id`, `series_id`) VALUES ('50', 'quaerat', 'Itaque voluptas doloribus architecto culpa. Et nobis placeat temporibus tenetur. Officia qui excepturi eaque recusandae aut temporibus suscipit. Saepe voluptatem tempora accusantium iusto ipsum sed.', 'autem', 955, 107, '30', '60', '15');
INSERT INTO `books` (`id`, `name`, `description`, `isbn`, `page_count`, `weigth`, `publisher_id`, `category_id`, `series_id`) VALUES ('51', 'ab', 'Architecto ad perspiciatis voluptatum non illo quas in. Voluptatem commodi reiciendis in magnam dolore dicta ipsam. Labore in adipisci recusandae ut atque quia.', 'autemjh', 247, 498, '43', '5', '16');
INSERT INTO `books` (`id`, `name`, `description`, `isbn`, `page_count`, `weigth`, `publisher_id`, `category_id`, `series_id`) VALUES ('52', 'sed', 'Est accusamus soluta ea in fugit molestiae optio exercitationem. Sequi dolores et nulla nisi. Consequatur rerum aliquid eveniet.', 'quia', 168, 112, '67', '39', '10');
INSERT INTO `books` (`id`, `name`, `description`, `isbn`, `page_count`, `weigth`, `publisher_id`, `category_id`, `series_id`) VALUES ('53', 'repellendus', 'Illum consequatur temporibus aut non facilis iste qui. Magni dolorem est est nesciunt. Delectus nihil ratione quisquam voluptas sunt. Provident non aliquam reiciendis pariatur sequi accusamus velit nihil.', 'laborumhgj', 374, 404, '30', '48', '8');
INSERT INTO `books` (`id`, `name`, `description`, `isbn`, `page_count`, `weigth`, `publisher_id`, `category_id`, `series_id`) VALUES ('54', 'et', 'Atque consequatur eum accusantium quasi aut numquam nisi aut. Est quibusdam aliquid rerum sequi inventore molestias non. Ipsum et ex est qui sint hic.', 'temporibus', 952, 166, '75', '66', '17');
INSERT INTO `books` (`id`, `name`, `description`, `isbn`, `page_count`, `weigth`, `publisher_id`, `category_id`, `series_id`) VALUES ('55', 'pariatur', 'Ipsam perferendis enim repudiandae. Incidunt rem voluptate eaque quia. Facere enim aut rerum placeat odio. Quia at nemo magni consequatur occaecati repellendus.', 'similique', 663, 444, '3', '44', '10');
INSERT INTO `books` (`id`, `name`, `description`, `isbn`, `page_count`, `weigth`, `publisher_id`, `category_id`, `series_id`) VALUES ('56', 'veritatis', 'Vel sed qui officia rerum eaque dolores qui et. Consequuntur perspiciatis earum consequatur eius reiciendis accusantium necessitatibus. Aut asperiores dolorum repellat repudiandae molestiae inventore fuga.', 'numquam', 977, 382, '12', '36', '14');
INSERT INTO `books` (`id`, `name`, `description`, `isbn`, `page_count`, `weigth`, `publisher_id`, `category_id`, `series_id`) VALUES ('57', 'perferendis', 'Nihil autem ut aut quae reiciendis perspiciatis culpa. Ducimus dolor sit voluptatum rerum non non provident.', 'eosjh', 495, 341, '36', '18', '20');
INSERT INTO `books` (`id`, `name`, `description`, `isbn`, `page_count`, `weigth`, `publisher_id`, `category_id`, `series_id`) VALUES ('58', 'rem', 'Voluptatibus ipsam dignissimos dolorem aut. Id in quod repudiandae nam. Cum culpa deserunt velit similique.', 'quo', 776, 313, '20', '56', '11');
INSERT INTO `books` (`id`, `name`, `description`, `isbn`, `page_count`, `weigth`, `publisher_id`, `category_id`, `series_id`) VALUES ('59', 'error', 'Enim nobis dolore et maxime. Nemo rerum rerum dolor numquam minima. Sunt blanditiis dolorem aut perferendis dolores.', 'velit', 240, 180, '34', '96', '11');
INSERT INTO `books` (`id`, `name`, `description`, `isbn`, `page_count`, `weigth`, `publisher_id`, `category_id`, `series_id`) VALUES ('60', 'aliquid', 'Laborum accusamus est rem quia. Exercitationem dolorem iure aut vitae sunt corrupti. Esse exercitationem aperiam hic vel eos velit explicabo perferendis. Praesentium aut modi quis magni ad quidem nulla.', 'odit', 738, 107, '22', '51', '13');
INSERT INTO `books` (`id`, `name`, `description`, `isbn`, `page_count`, `weigth`, `publisher_id`, `category_id`, `series_id`) VALUES ('61', 'omnis', 'Doloribus ipsum sequi doloribus ut ullam totam. Rerum dolorum perspiciatis mollitia nihil commodi. Non voluptas fugit hic ullam.', 'laudantium', 671, 311, '68', '39', '7');
INSERT INTO `books` (`id`, `name`, `description`, `isbn`, `page_count`, `weigth`, `publisher_id`, `category_id`, `series_id`) VALUES ('62', 'nulla', 'Et voluptatem et ipsum eos asperiores. Architecto quia voluptatem consequuntur id hic. Esse suscipit vitae quod perferendis a aperiam. Tenetur magni est veritatis hic. Ut aut rerum temporibus soluta expedita sed consequatur.', 'nostrum', 648, 277, '84', '27', '15');
INSERT INTO `books` (`id`, `name`, `description`, `isbn`, `page_count`, `weigth`, `publisher_id`, `category_id`, `series_id`) VALUES ('63', 'et', 'Laborum blanditiis sed earum earum eaque corrupti ipsam. Aut ea culpa et qui quia eos.', 'saepe', 589, 109, '32', '91', '9');
INSERT INTO `books` (`id`, `name`, `description`, `isbn`, `page_count`, `weigth`, `publisher_id`, `category_id`, `series_id`) VALUES ('64', 'reprehenderit', 'Est minima sunt in perspiciatis quia unde. Voluptates nihil dolores nemo. Dignissimos molestiae omnis magni dolores accusantium.', 'ethgj', 235, 258, '50', '95', '3');
INSERT INTO `books` (`id`, `name`, `description`, `isbn`, `page_count`, `weigth`, `publisher_id`, `category_id`, `series_id`) VALUES ('65', 'nobis', 'Quis nam odio iure ea repellendus adipisci error aut. Animi maiores et sit mollitia eveniet. Non qui et ea dolorum possimus veritatis occaecati. Nemo enim ipsum inventore.', 'maiores', 528, 437, '2', '87', '4');
INSERT INTO `books` (`id`, `name`, `description`, `isbn`, `page_count`, `weigth`, `publisher_id`, `category_id`, `series_id`) VALUES ('66', 'est', 'Iure voluptatum non quia iusto rerum perferendis. Ea assumenda ratione expedita animi nulla.', 'eveni', 555, 129, '65', '25', '8');
INSERT INTO `books` (`id`, `name`, `description`, `isbn`, `page_count`, `weigth`, `publisher_id`, `category_id`, `series_id`) VALUES ('67', 'dolore', 'Ut temporibus dolores tempore molestias debitis laudantium. Aut harum labore neque sit quis ab eveniet. Est quidem et quasi officia aut dolores.', 'eiuskjk', 873, 410, '58', '86', '19');
INSERT INTO `books` (`id`, `name`, `description`, `isbn`, `page_count`, `weigth`, `publisher_id`, `category_id`, `series_id`) VALUES ('68', 'praesentium', 'Illum maiores minus molestiae expedita. Possimus optio quo non non aut aperiam sapiente.', 'possimusmnm', 661, 426, '10', '67', '1');
INSERT INTO `books` (`id`, `name`, `description`, `isbn`, `page_count`, `weigth`, `publisher_id`, `category_id`, `series_id`) VALUES ('69', 'non', 'Impedit ut natus qui cumque dolorum. Incidunt commodi pariatur earum id voluptate suscipit. Cum quisquam id eligendi tempora impedit officia soluta.', 'corporismnnn', 135, 305, '30', '79', '19');
INSERT INTO `books` (`id`, `name`, `description`, `isbn`, `page_count`, `weigth`, `publisher_id`, `category_id`, `series_id`) VALUES ('70', 'ut', 'Et sapiente ut necessitatibus quam. Aliquid quam quia aut quaerat. Deserunt autem reprehenderit perferendis voluptas voluptatem.', 'cumquenb', 819, 437, '46', '62', '12');
INSERT INTO `books` (`id`, `name`, `description`, `isbn`, `page_count`, `weigth`, `publisher_id`, `category_id`, `series_id`) VALUES ('71', 'enim', 'Placeat eligendi excepturi animi cum et est assumenda. Cum amet autem qui facere debitis impedit laboriosam. Pariatur architecto laudantium ullam quis qui nostrum.', 'quosnn', 763, 112, '76', '93', '1');
INSERT INTO `books` (`id`, `name`, `description`, `isbn`, `page_count`, `weigth`, `publisher_id`, `category_id`, `series_id`) VALUES ('72', 'consequatur', 'Sint impedit iusto corrupti ad. Cum consequuntur voluptate totam doloremque. Voluptatum et in consectetur. Quos optio aut et et aut. Vel et ea impedit necessitatibus sed modi autem consequuntur.', 'eum', 644, 229, '3', '88', '12');
INSERT INTO `books` (`id`, `name`, `description`, `isbn`, `page_count`, `weigth`, `publisher_id`, `category_id`, `series_id`) VALUES ('73', 'ducimus', 'Cumque aperiam impedit id quos labore ipsam. Quia et totam voluptatem excepturi exercitationem consectetur qui. Dolor nulla quam eveniet officia expedita velit. Quis aut aut ipsam vitae nostrum laudantium occaecati.', 'molestiae', 846, 294, '31', '88', '4');
INSERT INTO `books` (`id`, `name`, `description`, `isbn`, `page_count`, `weigth`, `publisher_id`, `category_id`, `series_id`) VALUES ('74', 'repellendus', 'Officiis voluptatem magnam possimus velit nesciunt. Impedit quis provident impedit eos quam. Quia labore esse dolorum voluptatem suscipit perspiciatis perferendis quis.', 'veniam', 183, 377, '44', '29', '20');
INSERT INTO `books` (`id`, `name`, `description`, `isbn`, `page_count`, `weigth`, `publisher_id`, `category_id`, `series_id`) VALUES ('75', 'iusto', 'Eum rerum dolores a porro. Et vel molestiae ab ut nesciunt. Dolores non quia porro ab sunt.', 'consectetur', 656, 245, '58', '80', '20');
INSERT INTO `books` (`id`, `name`, `description`, `isbn`, `page_count`, `weigth`, `publisher_id`, `category_id`, `series_id`) VALUES ('76', 'explicabo', 'Suscipit molestias et eius placeat voluptas nobis ut. Vel fugiat rerum voluptates impedit repellendus voluptatem quo. Enim voluptatem neque dicta fugit. Illo dolorem et aliquam veritatis soluta reprehenderit vitae.', 'praesentium', 739, 275, '48', '17', '2');
INSERT INTO `books` (`id`, `name`, `description`, `isbn`, `page_count`, `weigth`, `publisher_id`, `category_id`, `series_id`) VALUES ('77', 'sed', 'Dicta aliquid possimus provident illum voluptatem debitis. Non dolor cupiditate molestiae numquam cumque quidem voluptas reiciendis. Cum nam eos repellat sit hic blanditiis. Non eum voluptatem veritatis non eum.', 'quihjh', 387, 265, '64', '41', '14');
INSERT INTO `books` (`id`, `name`, `description`, `isbn`, `page_count`, `weigth`, `publisher_id`, `category_id`, `series_id`) VALUES ('78', 'et', 'Atque dolorem quibusdam adipisci culpa. Nesciunt quod quam accusantium ipsum et labore. Quasi incidunt ut et nemo. Suscipit sunt autem officiis consequatur omnis in in tenetur. Placeat et explicabo velit officiis.', 'quixcx', 375, 223, '36', '3', '8');
INSERT INTO `books` (`id`, `name`, `description`, `isbn`, `page_count`, `weigth`, `publisher_id`, `category_id`, `series_id`) VALUES ('79', 'non', 'Ut quia reiciendis aut eaque. In eligendi ut et eveniet suscipit. Qui velit laboriosam mollitia ullam qui ex.', 'quisxdx', 606, 464, '32', '14', '19');
INSERT INTO `books` (`id`, `name`, `description`, `isbn`, `page_count`, `weigth`, `publisher_id`, `category_id`, `series_id`) VALUES ('80', 'sint', 'Dolorum accusantium omnis vero rerum ad. Adipisci et quo libero debitis omnis ipsum accusamus. Quo aliquam vitae excepturi aut quis. Aut dolorum vel est repellendus pariatur quia nesciunt quia.', 'quiopo', 885, 462, '99', '78', '13');
INSERT INTO `books` (`id`, `name`, `description`, `isbn`, `page_count`, `weigth`, `publisher_id`, `category_id`, `series_id`) VALUES ('81', 'omnis', 'Quod voluptatem rem tempore qui numquam dolores. Veniam aut blanditiis sapiente sequi et. Similique consequuntur aut rerum molestiae. Iure qui nihil molestias molestiae ratione.', 'veni', 864, 400, '70', '88', '17');
INSERT INTO `books` (`id`, `name`, `description`, `isbn`, `page_count`, `weigth`, `publisher_id`, `category_id`, `series_id`) VALUES ('82', 'tenetur', 'Nesciunt ipsa culpa incidunt magni aut repudiandae. Vel dolorem quos molestiae neque ut a. Vel id vel explicabo dolorum esse velit atque.', 'asperi', 859, 459, '10', '37', '15');
INSERT INTO `books` (`id`, `name`, `description`, `isbn`, `page_count`, `weigth`, `publisher_id`, `category_id`, `series_id`) VALUES ('83', 'recusandae', 'Eum ullam deserunt ut voluptate quo est quas. Suscipit error rerum quam deleniti corporis facere.', 'omniskjkj', 963, 114, '80', '44', '6');
INSERT INTO `books` (`id`, `name`, `description`, `isbn`, `page_count`, `weigth`, `publisher_id`, `category_id`, `series_id`) VALUES ('84', 'ut', 'Labore omnis dolor voluptatum quam nesciunt sit. Doloremque ut sed et et deserunt. Sit odit minus explicabo tempore beatae vel.', 'magnamnmn', 172, 274, '80', '79', '8');
INSERT INTO `books` (`id`, `name`, `description`, `isbn`, `page_count`, `weigth`, `publisher_id`, `category_id`, `series_id`) VALUES ('85', 'omnis', 'Aut voluptate harum nesciunt dignissimos quae impedit voluptatem. Porro voluptatum porro fugiat.', 'inventorekjkj', 426, 282, '51', '96', '15');
INSERT INTO `books` (`id`, `name`, `description`, `isbn`, `page_count`, `weigth`, `publisher_id`, `category_id`, `series_id`) VALUES ('86', 'nesciunt', 'Facere eius sed placeat. Esse dignissimos modi deleniti fugit. Enim omnis officiis occaecati quia. Expedita ut debitis soluta velit. Ea vero natus illum ipsam fuga quasi nam.', 'quiklkl', 984, 379, '67', '14', '2');
INSERT INTO `books` (`id`, `name`, `description`, `isbn`, `page_count`, `weigth`, `publisher_id`, `category_id`, `series_id`) VALUES ('87', 'quae', 'Cumque est vel est. Et consequatur nesciunt consequuntur explicabo iusto animi. Cupiditate ut est illum unde quasi enim nesciunt.', 'dolorjhkjh', 538, 449, '62', '74', '6');
INSERT INTO `books` (`id`, `name`, `description`, `isbn`, `page_count`, `weigth`, `publisher_id`, `category_id`, `series_id`) VALUES ('88', 'velit', 'Voluptas optio deleniti ea consequatur voluptatibus odio enim est. Quo et autem neque inventore et. Aspernatur sapiente cum illum repellendus harum id voluptate ut. Qui facere omnis sit id facilis eum qui.', 'dictannmn', 265, 413, '60', '96', '7');
INSERT INTO `books` (`id`, `name`, `description`, `isbn`, `page_count`, `weigth`, `publisher_id`, `category_id`, `series_id`) VALUES ('89', 'ipsum', 'Id laudantium sequi vitae voluptatibus. Qui eos neque voluptatum laboriosam cum. Dolorem praesentium neque pariatur repellat.', 'eam,m', 504, 498, '59', '8', '19');
INSERT INTO `books` (`id`, `name`, `description`, `isbn`, `page_count`, `weigth`, `publisher_id`, `category_id`, `series_id`) VALUES ('90', 'et', 'Dolores explicabo dicta quae molestias nobis. Ad consequatur distinctio sed. Unde ex esse fuga rem.', 'autlklk', 942, 387, '26', '93', '9');
INSERT INTO `books` (`id`, `name`, `description`, `isbn`, `page_count`, `weigth`, `publisher_id`, `category_id`, `series_id`) VALUES ('91', 'nam', 'Quia qui consequatur minus recusandae quae quae. Quia velit aut qui aliquid libero commodi. Ratione accusantium qui corporis. Rerum magni sunt et nulla quia aut blanditiis.', 'qui,m,m', 1000, 246, '83', '73', '15');
INSERT INTO `books` (`id`, `name`, `description`, `isbn`, `page_count`, `weigth`, `publisher_id`, `category_id`, `series_id`) VALUES ('92', 'qui', 'Voluptas omnis ipsa sit asperiores aut. Doloribus quasi qui quos. Modi id molestias reprehenderit facere. Harum minus qui magni et voluptas molestiae temporibus et.', 'aliasmnm', 471, 481, '82', '9', '5');
INSERT INTO `books` (`id`, `name`, `description`, `isbn`, `page_count`, `weigth`, `publisher_id`, `category_id`, `series_id`) VALUES ('93', 'nam', 'Accusamus repellendus vel facilis et. Ducimus tenetur vitae inventore est autem animi et. Aperiam corporis veritatis nihil sapiente. Esse quidem dolorum rerum laborum aspernatur tempore repudiandae.', 'etuiui', 509, 161, '79', '36', '15');
INSERT INTO `books` (`id`, `name`, `description`, `isbn`, `page_count`, `weigth`, `publisher_id`, `category_id`, `series_id`) VALUES ('94', 'aut', 'Vitae est repellat qui voluptatem qui. Nostrum soluta id facere sapiente vel. Enim molestiae doloremque molestias omnis cupiditate necessitatibus explicabo. Iure et non tempore enim ut voluptates voluptate.', 'consetur', 918, 306, '93', '13', '15');
INSERT INTO `books` (`id`, `name`, `description`, `isbn`, `page_count`, `weigth`, `publisher_id`, `category_id`, `series_id`) VALUES ('95', 'asperiores', 'Nulla error in voluptatem ut fuga. Rerum rerum iusto recusandae qui minus. Debitis explicabo tempora architecto assumenda. Expedita vel maiores occaecati aut dolore laudantium nulla.', 'akkjk', 576, 194, '35', '90', '9');
INSERT INTO `books` (`id`, `name`, `description`, `isbn`, `page_count`, `weigth`, `publisher_id`, `category_id`, `series_id`) VALUES ('96', 'quasi', 'Et beatae sed et dolor velit dolorem atque. Aliquam dolore ab incidunt ut. Blanditiis nisi et et corporis quisquam ad. Fuga saepe recusandae harum et impedit at ratione. Suscipit rerum incidunt omnis et consequuntur minima voluptatum.', 'eaquejkjkj', 662, 500, '85', '4', '16');
INSERT INTO `books` (`id`, `name`, `description`, `isbn`, `page_count`, `weigth`, `publisher_id`, `category_id`, `series_id`) VALUES ('97', 'quo', 'Aspernatur nobis reprehenderit vel magnam. Eos ut dolor sunt. Distinctio quas ex labore dolores tempora sed. Rerum optio quo aperiam.', 'minuskjlkj', 741, 246, '43', '97', '18');
INSERT INTO `books` (`id`, `name`, `description`, `isbn`, `page_count`, `weigth`, `publisher_id`, `category_id`, `series_id`) VALUES ('98', 'et', 'Eveniet sunt vel sunt voluptatem. Ea tempora voluptatum earum. Quaerat quaerat quo libero accusantium est. Quidem dolore similique temporibus quia aliquid.', 'nonm,m,', 748, 110, '32', '70', '8');
INSERT INTO `books` (`id`, `name`, `description`, `isbn`, `page_count`, `weigth`, `publisher_id`, `category_id`, `series_id`) VALUES ('99', 'molestias', 'Rerum deserunt incidunt corrupti quo voluptatem possimus natus. Et sed sit assumenda rerum voluptas. Et sed sequi veritatis veritatis voluptatum alias accusantium.', 'votatem', 609, 401, '45', '91', '14');
INSERT INTO `books` (`id`, `name`, `description`, `isbn`, `page_count`, `weigth`, `publisher_id`, `category_id`, `series_id`) VALUES ('100', 'omnis', 'Earum nobis est tempore et quis veniam. Accusantium voluptates consequatur minima et est quae totam. Rerum et voluptas voluptatibus recusandae.', 'dolorekjkj', 985, 484, '49', '39', '14');

update books set created_at = (SELECT NOW() - INTERVAL FLOOR(RAND() * 600) DAY);

INSERT INTO book_authors(book_id, author_id) SELECT distinct o.id, 1 + FLOOR(RAND()*100) FROM books o join order_statuses;

INSERT INTO `users` (`id`, `login`, `password`, `first_name`, `last_name`, `birhday`, `created_at`, `updated_at`) VALUES ('1', 'aperiam', '491866e1a8f497a658fde0ce20fd5b3a2a80a020', 'Tatum', 'Wisozk', '1974-12-01 10:05:48', '1987-12-24 01:16:57', '2008-01-24 10:43:11');
INSERT INTO `users` (`id`, `login`, `password`, `first_name`, `last_name`, `birhday`, `created_at`, `updated_at`) VALUES ('2', 'quaerat', '349061d55c72e4770fa73eeb2ba0c9a5b4a6fd84', 'Rebekah', 'Crist', '2013-01-13 16:02:30', '1981-04-14 17:13:09', '1995-06-24 18:18:16');
INSERT INTO `users` (`id`, `login`, `password`, `first_name`, `last_name`, `birhday`, `created_at`, `updated_at`) VALUES ('3', 'similique', '02222466e1fe5c22c217d8eb323cdf206d601dac', 'Rosella', 'Kreiger', '2004-04-12 04:37:25', '2011-01-09 16:32:17', '1977-07-30 20:59:24');
INSERT INTO `users` (`id`, `login`, `password`, `first_name`, `last_name`, `birhday`, `created_at`, `updated_at`) VALUES ('4', 'est', '6b54aa0992089286385d062dbe4813a31000ed1c', 'Foster', 'Prosacco', '2016-11-17 05:24:21', '1981-01-21 08:58:28', '2013-03-31 10:49:29');
INSERT INTO `users` (`id`, `login`, `password`, `first_name`, `last_name`, `birhday`, `created_at`, `updated_at`) VALUES ('5', 'culpa', '738652c1b175f5397f9f92cc83fcddd1bcf11d5e', 'Anais', 'Gibson', '1996-01-24 20:38:29', '1983-12-30 06:19:54', '1974-10-01 20:34:11');
INSERT INTO `users` (`id`, `login`, `password`, `first_name`, `last_name`, `birhday`, `created_at`, `updated_at`) VALUES ('6', 'tempora', 'ccafa96dc235006eba52d20624b902dad2e561cf', 'Arturo', 'Bergnaum', '1979-12-06 14:38:48', '2005-03-08 01:19:57', '1982-09-28 15:33:41');
INSERT INTO `users` (`id`, `login`, `password`, `first_name`, `last_name`, `birhday`, `created_at`, `updated_at`) VALUES ('7', 'sit', '6144103388737b6103d10605671c02f48caade86', 'Lauren', 'Marquardt', '1988-10-25 11:42:37', '1970-05-18 12:59:25', '1978-02-12 14:37:20');
INSERT INTO `users` (`id`, `login`, `password`, `first_name`, `last_name`, `birhday`, `created_at`, `updated_at`) VALUES ('8', 'et', '6fb52419424cad731e048428001f9ffd989204f1', 'Chanel', 'Hamill', '2018-07-28 22:31:33', '1982-09-21 21:51:26', '2001-09-13 06:42:26');
INSERT INTO `users` (`id`, `login`, `password`, `first_name`, `last_name`, `birhday`, `created_at`, `updated_at`) VALUES ('9', 'consequuntur', '9dc9e77e8431138b5989e84d615ff7b3d4f7a209', 'Alexys', 'Russel', '2003-12-07 12:53:49', '2008-11-11 00:00:14', '1981-01-19 18:44:55');
INSERT INTO `users` (`id`, `login`, `password`, `first_name`, `last_name`, `birhday`, `created_at`, `updated_at`) VALUES ('10', 'qui', 'cf076f0b576263e48df84227e7dd2fed80b9760b', 'Ericka', 'Emmerich', '1993-06-11 17:40:45', '2000-04-21 08:30:25', '1993-09-25 20:02:43');
INSERT INTO `users` (`id`, `login`, `password`, `first_name`, `last_name`, `birhday`, `created_at`, `updated_at`) VALUES ('11', 'sint', '0e00a946137cfbed941707f557eb2ea3837f6131', 'Whitney', 'O\'Keefe', '2005-02-01 03:21:19', '2011-11-29 06:14:49', '1976-04-04 16:42:17');
INSERT INTO `users` (`id`, `login`, `password`, `first_name`, `last_name`, `birhday`, `created_at`, `updated_at`) VALUES ('12', 'nulla', '7a797bc4a160aff48f038978b5d003ef5e4bf835', 'Therese', 'Toy', '2013-12-13 19:03:19', '1990-12-14 19:48:50', '1970-09-14 11:42:17');
INSERT INTO `users` (`id`, `login`, `password`, `first_name`, `last_name`, `birhday`, `created_at`, `updated_at`) VALUES ('13', 'ut', '0f910916f84ed8922c312442f4aedd1f8999a808', 'Hilario', 'Kuphal', '1987-10-30 01:06:30', '2019-11-22 02:32:15', '1973-06-26 04:51:01');
INSERT INTO `users` (`id`, `login`, `password`, `first_name`, `last_name`, `birhday`, `created_at`, `updated_at`) VALUES ('14', 'eos', '7cdb69f40e36bd6bec6e7c8677b307fd358583ea', 'Candida', 'Schulist', '1984-02-13 23:34:57', '1977-01-05 11:20:02', '1977-01-17 07:50:47');
INSERT INTO `users` (`id`, `login`, `password`, `first_name`, `last_name`, `birhday`, `created_at`, `updated_at`) VALUES ('15', 'ipsum', '3bddf258e80ca29a22f8038c1ffd9227a0bbc485', 'Brody', 'Spinka', '1970-10-05 17:14:17', '1986-01-14 06:36:59', '2018-12-06 01:46:58');
INSERT INTO `users` (`id`, `login`, `password`, `first_name`, `last_name`, `birhday`, `created_at`, `updated_at`) VALUES ('16', 'eta', '492aabb0205276c27894e73d36c74cbb4d7c82a6', 'Antone', 'Upton', '1986-02-02 09:17:38', '2016-08-13 06:23:57', '1975-05-03 15:59:17');
INSERT INTO `users` (`id`, `login`, `password`, `first_name`, `last_name`, `birhday`, `created_at`, `updated_at`) VALUES ('17', 'cum', 'cdc745d2d2cecc602a3ecff43ddddfc531a941d7', 'Edwardo', 'Kshlerin', '1984-12-23 16:18:17', '2003-11-05 07:37:42', '1973-07-22 00:33:37');
INSERT INTO `users` (`id`, `login`, `password`, `first_name`, `last_name`, `birhday`, `created_at`, `updated_at`) VALUES ('18', 'atque', '4f00e42c417d62d3d5a7d654fad3f6b008b5a37a', 'Marietta', 'Thompson', '2006-10-04 19:26:44', '1978-06-07 03:02:19', '1981-07-17 08:16:51');
INSERT INTO `users` (`id`, `login`, `password`, `first_name`, `last_name`, `birhday`, `created_at`, `updated_at`) VALUES ('19', 'consequatur', '2d279b4666e14e81c23e6329d3c949ca1c28d17f', 'Bret', 'Nitzsche', '1973-12-19 14:59:36', '2018-11-28 15:04:35', '1993-09-26 09:21:55');
INSERT INTO `users` (`id`, `login`, `password`, `first_name`, `last_name`, `birhday`, `created_at`, `updated_at`) VALUES ('20', 'consectetur', 'a3500d5269de12f944e663e6d2dcc44a796b6fb5', 'Lonny', 'Denesik', '2000-11-05 13:37:31', '2004-06-10 05:17:59', '1971-02-22 04:57:14');
INSERT INTO `users` (`id`, `login`, `password`, `first_name`, `last_name`, `birhday`, `created_at`, `updated_at`) VALUES ('21', 'inventore', '6f78c3ac132ad8051b6f809d7f004d2d5ccfc597', 'Lilla', 'Huel', '2007-07-26 22:26:54', '1983-11-03 00:51:21', '2018-01-09 02:50:39');
INSERT INTO `users` (`id`, `login`, `password`, `first_name`, `last_name`, `birhday`, `created_at`, `updated_at`) VALUES ('22', 'consequ', '955a188570424d346501664e20d1f41f00846108', 'May', 'Parker', '2002-10-30 23:50:46', '1999-12-13 18:21:38', '1987-10-17 02:34:03');
INSERT INTO `users` (`id`, `login`, `password`, `first_name`, `last_name`, `birhday`, `created_at`, `updated_at`) VALUES ('23', 'optio', '8f01553d8c63a5cc557df4f7758c8b5e32b279cb', 'Danial', 'Gulgowski', '2019-05-12 17:30:12', '1979-08-12 03:35:46', '1988-09-10 00:41:27');
INSERT INTO `users` (`id`, `login`, `password`, `first_name`, `last_name`, `birhday`, `created_at`, `updated_at`) VALUES ('24', 'quita', 'e805209f11fa70b113b0f4170b4d32c32f662c1d', 'Magali', 'Cole', '1994-10-14 02:44:12', '2012-08-02 20:48:04', '2011-05-07 19:21:02');
INSERT INTO `users` (`id`, `login`, `password`, `first_name`, `last_name`, `birhday`, `created_at`, `updated_at`) VALUES ('25', 'cumque', 'df9f33f4773a0a4e12b2b15bbbcf227731dbb6ed', 'Oren', 'Roob', '1979-06-15 09:31:03', '2009-10-05 06:26:05', '1997-01-05 03:47:01');
INSERT INTO `users` (`id`, `login`, `password`, `first_name`, `last_name`, `birhday`, `created_at`, `updated_at`) VALUES ('26', 'ety', '5c88c2c1ef5f6aaced291a66c6ec041744c42a71', 'Amalia', 'Armstrong', '1980-08-11 11:33:14', '1976-02-07 05:44:56', '1994-03-18 01:43:54');
INSERT INTO `users` (`id`, `login`, `password`, `first_name`, `last_name`, `birhday`, `created_at`, `updated_at`) VALUES ('27', 'dolorem', '144f0684ebc673e9606d92af005403f499848cb0', 'Price', 'Jerde', '2001-11-11 04:29:58', '1999-05-12 09:32:31', '1980-05-13 10:28:21');
INSERT INTO `users` (`id`, `login`, `password`, `first_name`, `last_name`, `birhday`, `created_at`, `updated_at`) VALUES ('28', 'dolor', 'd127ef3eaf0ecbd686861b1ae401101cf4e1262a', 'Erin', 'Ruecker', '1983-02-01 01:47:29', '1996-02-17 11:15:43', '1982-04-18 08:19:05');
INSERT INTO `users` (`id`, `login`, `password`, `first_name`, `last_name`, `birhday`, `created_at`, `updated_at`) VALUES ('29', 'saepe', 'e366faf25b8499b2b4c2768404ea8b2ff3ffc7c1', 'Christ', 'Bradtke', '1986-01-20 19:13:30', '1978-07-13 11:29:47', '2014-09-27 14:55:56');
INSERT INTO `users` (`id`, `login`, `password`, `first_name`, `last_name`, `birhday`, `created_at`, `updated_at`) VALUES ('30', 'laudantium', 'af6c91fa6ad3402207bfe209bab642a4be3e399e', 'Rafael', 'Lakin', '2002-04-04 22:42:52', '1996-03-07 14:39:15', '1981-05-20 11:02:04');
INSERT INTO `users` (`id`, `login`, `password`, `first_name`, `last_name`, `birhday`, `created_at`, `updated_at`) VALUES ('31', 'distinctio', '62a9a61f4793d7062d315b9aa3aa83f805843a5d', 'Deangelo', 'O\'Reilly', '2014-08-07 01:22:34', '1998-05-03 05:42:18', '1975-08-15 22:04:45');
INSERT INTO `users` (`id`, `login`, `password`, `first_name`, `last_name`, `birhday`, `created_at`, `updated_at`) VALUES ('32', 'culjkjpa', 'da9f29774fbed636fbdee1e5c6a220d4818c70c7', 'Norbert', 'Glover', '2008-03-03 03:03:45', '1975-10-06 08:22:36', '1991-09-15 09:45:35');
INSERT INTO `users` (`id`, `login`, `password`, `first_name`, `last_name`, `birhday`, `created_at`, `updated_at`) VALUES ('33', 'in', 'd2d3a612652d12befa515d5e4a28434116ff05eb', 'Cameron', 'Rohan', '1978-03-22 20:29:58', '1994-01-11 16:12:34', '2002-11-16 09:44:07');
INSERT INTO `users` (`id`, `login`, `password`, `first_name`, `last_name`, `birhday`, `created_at`, `updated_at`) VALUES ('34', 'totam', 'de274d290622b2e8439cdee19c8a6a26c18f9f57', 'Julien', 'Koepp', '2007-11-04 01:10:53', '1986-12-18 05:32:46', '1999-07-09 05:54:43');
INSERT INTO `users` (`id`, `login`, `password`, `first_name`, `last_name`, `birhday`, `created_at`, `updated_at`) VALUES ('35', 'corrupti', '72387e89c1a2f3cca66534a9eba90b0786faad75', 'Fannie', 'Pfeffer', '1997-05-08 06:20:31', '2004-04-01 07:07:16', '1972-05-08 21:57:58');
INSERT INTO `users` (`id`, `login`, `password`, `first_name`, `last_name`, `birhday`, `created_at`, `updated_at`) VALUES ('36', 'sitjhk', '3053cdbcfa27ea7a272ab937202603fcb840060d', 'Eleonore', 'Torp', '2008-01-05 00:28:12', '1999-07-20 03:57:22', '1991-11-25 14:55:54');
INSERT INTO `users` (`id`, `login`, `password`, `first_name`, `last_name`, `birhday`, `created_at`, `updated_at`) VALUES ('37', 'quisquam', '496e8185710264e8009b04f015d1842e2f53a97d', 'Loren', 'Kulas', '1972-02-03 12:51:25', '2007-04-28 14:07:24', '1978-03-10 04:02:21');
INSERT INTO `users` (`id`, `login`, `password`, `first_name`, `last_name`, `birhday`, `created_at`, `updated_at`) VALUES ('38', 'porro', '6bf4faaca379a12376aa6760cbda18a44f2c80c6', 'Queen', 'Dare', '1991-01-21 01:07:15', '2015-04-10 22:01:09', '1976-09-19 15:17:03');
INSERT INTO `users` (`id`, `login`, `password`, `first_name`, `last_name`, `birhday`, `created_at`, `updated_at`) VALUES ('39', 'quam', '163e09b446fbb4b2a3350b554b1f2e64419ba78c', 'Ciara', 'Pouros', '2010-09-28 00:31:28', '2003-09-21 08:11:23', '1989-02-26 00:48:03');
INSERT INTO `users` (`id`, `login`, `password`, `first_name`, `last_name`, `birhday`, `created_at`, `updated_at`) VALUES ('40', 'quidem', '391cfb7b09757568e6465651c90157f792b460c7', 'Pauline', 'Rohan', '1993-04-28 06:37:12', '1999-10-19 19:50:32', '1987-01-07 10:52:35');
INSERT INTO `users` (`id`, `login`, `password`, `first_name`, `last_name`, `birhday`, `created_at`, `updated_at`) VALUES ('41', 'molestiae', 'b4e366a059b170bd4f650190ce6c8a9804960242', 'Gudrun', 'Hyatt', '1991-11-26 15:00:54', '2013-05-10 18:00:50', '2001-12-14 00:08:57');
INSERT INTO `users` (`id`, `login`, `password`, `first_name`, `last_name`, `birhday`, `created_at`, `updated_at`) VALUES ('42', 'ducimus', '331e036935e9dcc2931e1468f4fac9c21d361e8e', 'Carlotta', 'Moen', '1999-04-08 00:28:59', '2000-03-10 08:01:25', '2014-02-14 23:20:54');
INSERT INTO `users` (`id`, `login`, `password`, `first_name`, `last_name`, `birhday`, `created_at`, `updated_at`) VALUES ('43', 'vel', '55e74b3b4dba88e0ee6679912a3238fde82e4d56', 'Kieran', 'Rippin', '1982-11-09 20:59:25', '1994-01-03 10:05:12', '2010-02-23 05:36:10');
INSERT INTO `users` (`id`, `login`, `password`, `first_name`, `last_name`, `birhday`, `created_at`, `updated_at`) VALUES ('44', 'utjhk', 'f984475ebcc6662d008083717ac54a6131a11b58', 'Vida', 'Considine', '2003-06-22 02:00:29', '1990-04-21 22:36:25', '1995-08-30 16:59:45');
INSERT INTO `users` (`id`, `login`, `password`, `first_name`, `last_name`, `birhday`, `created_at`, `updated_at`) VALUES ('45', 'aut', 'e7ec4cf61991534924166b1e8762bff4246af6c5', 'Olen', 'Murazik', '1996-06-26 22:24:56', '2003-09-07 21:28:20', '1990-07-24 20:56:46');
INSERT INTO `users` (`id`, `login`, `password`, `first_name`, `last_name`, `birhday`, `created_at`, `updated_at`) VALUES ('46', 'occaecati', 'b0b969c72b3df13d2361295c580f84c356df7dcb', 'Hermann', 'Dooley', '1974-09-19 08:03:01', '2009-06-25 02:26:51', '2001-08-05 12:28:15');
INSERT INTO `users` (`id`, `login`, `password`, `first_name`, `last_name`, `birhday`, `created_at`, `updated_at`) VALUES ('47', 'etyuiy', 'dd3a3b0697f441ae27270f17f9b3ffc13793865c', 'Seth', 'Renner', '2010-11-13 03:35:26', '2006-09-09 19:17:11', '1983-06-05 06:14:33');
INSERT INTO `users` (`id`, `login`, `password`, `first_name`, `last_name`, `birhday`, `created_at`, `updated_at`) VALUES ('48', 'cquuntur', 'bb3a0fa32ad285086d7b52bd4bfb36284a9c2766', 'Scotty', 'Hyatt', '2009-05-26 05:00:29', '2012-04-02 16:10:47', '2010-09-01 03:22:28');
INSERT INTO `users` (`id`, `login`, `password`, `first_name`, `last_name`, `birhday`, `created_at`, `updated_at`) VALUES ('49', 'oecati', '8dcd97ab7d75cd08b1e28cf25c2298b09eb8212d', 'Alvina', 'Hirthe', '1985-02-08 12:10:17', '2001-09-04 22:30:50', '1987-11-27 16:22:18');
INSERT INTO `users` (`id`, `login`, `password`, `first_name`, `last_name`, `birhday`, `created_at`, `updated_at`) VALUES ('50', 'harum', '2113503bd819c652f8d6dd635b1af1592e0dac10', 'Adelia', 'Hagenes', '2014-10-03 13:35:57', '1980-04-24 00:39:24', '1977-03-08 13:00:03');
INSERT INTO `users` (`id`, `login`, `password`, `first_name`, `last_name`, `birhday`, `created_at`, `updated_at`) VALUES ('51', 'voluptatem', 'be6b1c8aa10e6f07001bf64f19f4d9f2d166d1e8', 'Kylie', 'Cronin', '1974-05-20 09:30:29', '1992-04-12 03:29:51', '1991-11-26 12:30:27');
INSERT INTO `users` (`id`, `login`, `password`, `first_name`, `last_name`, `birhday`, `created_at`, `updated_at`) VALUES ('52', 'fugiatq', '5564a692022a99e465a893d88e7a2baac84e77a9', 'Moshe', 'Dickinson', '1985-11-20 04:45:09', '1986-10-22 13:49:41', '1978-02-12 02:46:12');
INSERT INTO `users` (`id`, `login`, `password`, `first_name`, `last_name`, `birhday`, `created_at`, `updated_at`) VALUES ('53', 'siique', '5a9c12aaaa7e92f7b23c78f7d09bd1d8a00c5a9d', 'Carli', 'Schimmel', '2001-10-28 16:04:47', '2000-05-14 09:29:10', '1986-05-23 21:18:01');
INSERT INTO `users` (`id`, `login`, `password`, `first_name`, `last_name`, `birhday`, `created_at`, `updated_at`) VALUES ('54', 'neque', 'aaf5b21c6781ac8036a2f381f6d172cf3e2d3166', 'Barton', 'Kshlerin', '1994-08-20 20:48:11', '2010-10-31 05:50:08', '2019-09-09 16:12:06');
INSERT INTO `users` (`id`, `login`, `password`, `first_name`, `last_name`, `birhday`, `created_at`, `updated_at`) VALUES ('55', 'estjhk', '3abf56f372e45bb920b2dc72861f3c72982e0552', 'Keira', 'Schiller', '1997-02-20 20:49:07', '1976-07-03 22:39:51', '2012-04-08 11:38:44');
INSERT INTO `users` (`id`, `login`, `password`, `first_name`, `last_name`, `birhday`, `created_at`, `updated_at`) VALUES ('56', 'quae', '2e1dbd55ea530fb6ddd42d6b93a50eccb183ab2c', 'Asa', 'Mante', '2006-06-21 10:14:24', '2018-12-27 02:21:07', '2015-11-29 07:43:20');
INSERT INTO `users` (`id`, `login`, `password`, `first_name`, `last_name`, `birhday`, `created_at`, `updated_at`) VALUES ('57', 'maxime', 'd25f62e354b3dc7716bbbfa8be7fa1ad77ed2737', 'Albert', 'Ruecker', '2014-01-03 20:02:54', '1980-08-02 00:37:48', '2003-10-11 01:35:04');
INSERT INTO `users` (`id`, `login`, `password`, `first_name`, `last_name`, `birhday`, `created_at`, `updated_at`) VALUES ('58', 'hic', '2f78ef4727a6cc9e9af1dba8e7ef8c4d04620626', 'Tristian', 'Conroy', '1999-04-12 11:15:37', '2005-10-06 07:21:49', '1988-02-29 15:17:44');
INSERT INTO `users` (`id`, `login`, `password`, `first_name`, `last_name`, `birhday`, `created_at`, `updated_at`) VALUES ('59', 'blanditiis', 'ce5218edabe97a8d8bf8567440b81653b63b3c5c', 'Brendon', 'Bode', '1977-04-27 08:53:31', '2004-02-28 06:00:31', '2006-02-26 13:44:19');
INSERT INTO `users` (`id`, `login`, `password`, `first_name`, `last_name`, `birhday`, `created_at`, `updated_at`) VALUES ('60', 'ea,mn', 'f333e6b7258257e6a83cf86baf04d9caea183c9b', 'Jeff', 'Wintheiser', '2003-01-02 01:21:21', '2001-01-30 11:42:20', '1995-01-12 04:02:09');
INSERT INTO `users` (`id`, `login`, `password`, `first_name`, `last_name`, `birhday`, `created_at`, `updated_at`) VALUES ('61', 'sintqqw', 'bd4e415a323a13521df0c25d1d2d4c7377f33e38', 'Forest', 'Rice', '2010-02-18 09:14:50', '1978-09-19 11:48:26', '2012-07-30 07:13:22');
INSERT INTO `users` (`id`, `login`, `password`, `first_name`, `last_name`, `birhday`, `created_at`, `updated_at`) VALUES ('62', 'debitis', '5d3a16031e016d104ec9f173d61d7b2766a22ac0', 'Marcelle', 'Heaney', '1982-07-31 19:34:26', '1999-02-25 14:03:59', '1990-12-27 17:56:21');
INSERT INTO `users` (`id`, `login`, `password`, `first_name`, `last_name`, `birhday`, `created_at`, `updated_at`) VALUES ('63', 'ethkj', 'f664440cf0450802cfc06a4f69894916747f36b6', 'Viva', 'Stehr', '2006-06-05 21:09:00', '2013-03-13 05:15:15', '2011-10-31 19:20:03');
INSERT INTO `users` (`id`, `login`, `password`, `first_name`, `last_name`, `birhday`, `created_at`, `updated_at`) VALUES ('64', 'totameee', '3193c860ffb1982a1c6abfcb100232bff4b03971', 'Arlene', 'Murray', '1989-12-17 10:24:55', '1978-10-06 00:09:56', '1975-03-14 07:44:20');
INSERT INTO `users` (`id`, `login`, `password`, `first_name`, `last_name`, `birhday`, `created_at`, `updated_at`) VALUES ('65', 'lantium', '1710742612233ef17d70b3a75f88fe045134721e', 'Liam', 'Zemlak', '1971-02-13 15:24:23', '1988-11-03 22:45:27', '1972-10-18 00:20:43');
INSERT INTO `users` (`id`, `login`, `password`, `first_name`, `last_name`, `birhday`, `created_at`, `updated_at`) VALUES ('66', 'quas', '6e4ee89859fceb66a37cc64e1c3dd70cfa2ee4ec', 'Kristina', 'Krajcik', '1984-01-07 16:32:33', '2005-09-20 18:47:56', '2012-04-20 19:12:30');
INSERT INTO `users` (`id`, `login`, `password`, `first_name`, `last_name`, `birhday`, `created_at`, `updated_at`) VALUES ('67', 'nonfvc', 'a5b3b715ecfa834a10bed582c995445899c1fe2b', 'Emil', 'Pouros', '2000-04-01 03:35:32', '2003-05-09 18:48:30', '2019-11-07 18:33:39');
INSERT INTO `users` (`id`, `login`, `password`, `first_name`, `last_name`, `birhday`, `created_at`, `updated_at`) VALUES ('68', 'voluptatum', 'd46955339d55537ec593dc1eb0f8c6bb68b2d4c7', 'Marquis', 'West', '1994-10-16 11:40:26', '1977-09-22 11:10:45', '1998-05-11 23:18:34');
INSERT INTO `users` (`id`, `login`, `password`, `first_name`, `last_name`, `birhday`, `created_at`, `updated_at`) VALUES ('69', 'saepemnbmn', 'fb8fc419f037618979dde823320f9b8456352d75', 'Abraham', 'Nienow', '2006-06-11 13:04:01', '2017-05-22 19:37:58', '1998-09-03 07:28:36');
INSERT INTO `users` (`id`, `login`, `password`, `first_name`, `last_name`, `birhday`, `created_at`, `updated_at`) VALUES ('70', 'uptatem', 'c55dfe9e3998e848975dfddd696e79bab0e29153', 'Sallie', 'Mante', '2000-07-10 07:41:54', '1993-06-06 08:26:57', '1972-03-25 02:33:38');
INSERT INTO `users` (`id`, `login`, `password`, `first_name`, `last_name`, `birhday`, `created_at`, `updated_at`) VALUES ('71', 'nihilfrfr', 'f88ad6ad725cb91b19572c7184c222d6c28a8155', 'Norris', 'Harvey', '1984-09-06 15:53:36', '1970-05-10 17:43:40', '2014-12-19 19:00:52');
INSERT INTO `users` (`id`, `login`, `password`, `first_name`, `last_name`, `birhday`, `created_at`, `updated_at`) VALUES ('72', 'maiores', '7c2316a9ecb769b375715618bd7fa79734443187', 'Jeanne', 'Wuckert', '1973-01-28 01:02:07', '1987-01-28 17:56:39', '1975-08-24 13:04:12');
INSERT INTO `users` (`id`, `login`, `password`, `first_name`, `last_name`, `birhday`, `created_at`, `updated_at`) VALUES ('73', 'ratione', '6586cb96345b0ab7da9936f9129ea6694cb66dcc', 'Jalyn', 'Gleason', '2012-09-24 04:26:12', '2007-02-04 13:06:57', '1980-01-01 10:46:06');
INSERT INTO `users` (`id`, `login`, `password`, `first_name`, `last_name`, `birhday`, `created_at`, `updated_at`) VALUES ('74', 'excepturi', '99f6aea022d31516f257922b5480913fd89b3304', 'Bernard', 'Macejkovic', '1997-11-20 00:15:04', '2004-06-21 00:17:16', '1979-07-06 20:07:05');
INSERT INTO `users` (`id`, `login`, `password`, `first_name`, `last_name`, `birhday`, `created_at`, `updated_at`) VALUES ('75', 'nobis', '630433ea349e978ff68d89fdb133dbb5558245fb', 'Brittany', 'Borer', '1973-10-04 15:10:44', '2005-11-06 13:03:03', '1981-01-07 17:49:04');
INSERT INTO `users` (`id`, `login`, `password`, `first_name`, `last_name`, `birhday`, `created_at`, `updated_at`) VALUES ('76', 'eveniet', 'ea95903141f31724ed735f4d77f7fa3d042f1de8', 'Mateo', 'Muller', '1997-12-13 16:57:03', '2008-11-11 23:15:03', '2014-08-22 13:19:46');
INSERT INTO `users` (`id`, `login`, `password`, `first_name`, `last_name`, `birhday`, `created_at`, `updated_at`) VALUES ('77', 'cupiditate', '0e7eed036f0e22fabad306f552d7296e270731f7', 'Uriah', 'Eichmann', '1995-07-20 19:04:24', '2004-04-12 20:45:48', '1994-07-08 18:28:20');
INSERT INTO `users` (`id`, `login`, `password`, `first_name`, `last_name`, `birhday`, `created_at`, `updated_at`) VALUES ('78', 'minushjh', 'c0f5113ddc447f0135cf4adf6d27714dd0bc26ca', 'Asa', 'Huels', '2004-08-16 22:03:41', '1977-09-21 22:43:51', '2016-05-13 07:23:28');
INSERT INTO `users` (`id`, `login`, `password`, `first_name`, `last_name`, `birhday`, `created_at`, `updated_at`) VALUES ('79', 'accusantium', '1a45252287f1eb2e691ce9b56471dc4241484765', 'Hershel', 'Hayes', '1977-07-23 16:33:43', '2013-01-15 18:05:06', '1973-05-18 20:03:09');
INSERT INTO `users` (`id`, `login`, `password`, `first_name`, `last_name`, `birhday`, `created_at`, `updated_at`) VALUES ('80', 'entore', '02a79da932d91089721d3869998e47cef017a604', 'Brenda', 'Gislason', '1982-12-08 23:19:21', '2013-08-31 15:18:56', '2013-05-30 12:54:41');
INSERT INTO `users` (`id`, `login`, `password`, `first_name`, `last_name`, `birhday`, `created_at`, `updated_at`) VALUES ('81', 'autemfrfr', '8a5b63fa69f8db8ed488c9290838308f8bf26472', 'Yadira', 'Predovic', '1976-08-30 22:19:11', '2004-07-17 10:08:14', '2003-05-13 23:44:45');
INSERT INTO `users` (`id`, `login`, `password`, `first_name`, `last_name`, `birhday`, `created_at`, `updated_at`) VALUES ('82', 'rerum', 'f0e4b851ccd613d1169f59c4aebbb822a4247785', 'Marlin', 'D\'Amore', '2013-06-28 23:26:37', '1977-07-29 10:41:31', '2019-04-11 04:42:28');
INSERT INTO `users` (`id`, `login`, `password`, `first_name`, `last_name`, `birhday`, `created_at`, `updated_at`) VALUES ('83', 'eakjlkj', '9fe6b30b69ed426f945debc2aeccb81788f8dcad', 'Nadia', 'Dare', '1983-10-15 00:36:26', '2010-02-09 14:59:10', '1981-01-20 05:36:45');
INSERT INTO `users` (`id`, `login`, `password`, `first_name`, `last_name`, `birhday`, `created_at`, `updated_at`) VALUES ('84', 'delectus', '9bbc237a81b2369fc1e81e55be1ed987f1080778', 'Creola', 'Feil', '2013-10-20 15:45:09', '2017-11-02 16:37:59', '2007-10-04 02:42:55');
INSERT INTO `users` (`id`, `login`, `password`, `first_name`, `last_name`, `birhday`, `created_at`, `updated_at`) VALUES ('85', 'nihil', 'ff1313b9a5799b8dcc69db5b5d9ac86bf3301c6b', 'Cecile', 'Jast', '1972-06-22 14:19:51', '2018-12-01 11:45:10', '2000-12-06 17:37:16');
INSERT INTO `users` (`id`, `login`, `password`, `first_name`, `last_name`, `birhday`, `created_at`, `updated_at`) VALUES ('86', 'rerumoooo', 'c2ba819be60a50bbaff7578ed15335acca8da048', 'Isaiah', 'Jenkins', '1978-06-18 21:50:05', '1982-07-02 20:57:28', '1979-01-19 00:27:27');
INSERT INTO `users` (`id`, `login`, `password`, `first_name`, `last_name`, `birhday`, `created_at`, `updated_at`) VALUES ('87', 'eius', 'f7f9e3ea27114defb1ebf0552eb42ff9c298246d', 'Xander', 'Steuber', '2007-09-03 01:51:38', '1977-08-28 20:23:28', '1989-03-14 00:44:28');
INSERT INTO `users` (`id`, `login`, `password`, `first_name`, `last_name`, `birhday`, `created_at`, `updated_at`) VALUES ('88', 'rerumjhkjh', 'f5430b38693c7180c0f4266fd354d557837d2777', 'Kayley', 'White', '1989-09-16 11:57:19', '1970-07-09 00:45:40', '2013-03-28 11:35:42');
INSERT INTO `users` (`id`, `login`, `password`, `first_name`, `last_name`, `birhday`, `created_at`, `updated_at`) VALUES ('89', 'amet', '81413955d0a4222c5af5ae8bffa4058e9b9bba3a', 'Viva', 'Hansen', '1971-10-28 04:52:36', '2005-03-25 03:38:26', '2019-11-07 16:51:08');
INSERT INTO `users` (`id`, `login`, `password`, `first_name`, `last_name`, `birhday`, `created_at`, `updated_at`) VALUES ('90', 'praesentium', '5dc41043e387f99631005f9516e01c4225249fb1', 'Kaden', 'Dare', '2003-01-09 00:11:48', '1988-01-25 09:07:51', '1972-02-13 11:09:45');
INSERT INTO `users` (`id`, `login`, `password`, `first_name`, `last_name`, `birhday`, `created_at`, `updated_at`) VALUES ('91', 'sapiente', '10ec5dade437f46422dd8850f118528ef811c388', 'Gaylord', 'Jones', '1992-03-11 12:39:28', '1992-11-21 02:06:25', '1978-02-05 15:03:55');
INSERT INTO `users` (`id`, `login`, `password`, `first_name`, `last_name`, `birhday`, `created_at`, `updated_at`) VALUES ('92', 'doloremquennn', 'be0dff74a8f55b9d9bcee53adb477b1019270d15', 'Dedrick', 'Kozey', '1977-11-11 05:21:58', '1975-07-28 10:41:20', '1976-10-20 01:19:34');
INSERT INTO `users` (`id`, `login`, `password`, `first_name`, `last_name`, `birhday`, `created_at`, `updated_at`) VALUES ('93', 'saepemkm', 'd077338a5d34815f60a182e6146813b16d709901', 'Sarai', 'Swaniawski', '2006-03-09 14:58:02', '1981-12-07 14:02:21', '2004-10-27 02:46:01');
INSERT INTO `users` (`id`, `login`, `password`, `first_name`, `last_name`, `birhday`, `created_at`, `updated_at`) VALUES ('94', 'autkklm', '41c41f6309471fa899171860121151c4678d7e77', 'Estelle', 'Bauch', '1973-04-22 10:59:36', '2010-04-18 15:05:25', '2006-05-20 20:45:52');
INSERT INTO `users` (`id`, `login`, `password`, `first_name`, `last_name`, `birhday`, `created_at`, `updated_at`) VALUES ('95', 'earummmm', '3490789ba2e4cf83b96d345be209a2390400abb6', 'Vincenzo', 'Walsh', '2016-05-20 05:46:00', '2001-04-11 01:59:18', '2004-01-06 23:45:36');
INSERT INTO `users` (`id`, `login`, `password`, `first_name`, `last_name`, `birhday`, `created_at`, `updated_at`) VALUES ('96', 'natusnnk', '08c1efe7b9d053dc6b91bd01d2f2a0a4fbb9bb99', 'Coy', 'Walter', '2012-09-16 22:47:18', '2007-07-27 19:50:50', '1974-10-09 16:08:43');
INSERT INTO `users` (`id`, `login`, `password`, `first_name`, `last_name`, `birhday`, `created_at`, `updated_at`) VALUES ('97', 'expedita', '26807de024ccfd6d481162abc3f0f799de3697d7', 'Lesley', 'Skiles', '1999-02-14 11:49:51', '1994-10-14 23:47:18', '1983-04-23 03:19:58');
INSERT INTO `users` (`id`, `login`, `password`, `first_name`, `last_name`, `birhday`, `created_at`, `updated_at`) VALUES ('98', 'ducimusrrr', '8944ca337030e03f87507f4486f2df4ac8c9ad87', 'Prince', 'Nicolas', '1988-01-19 19:56:08', '2002-07-19 16:52:03', '2018-11-30 11:14:57');
INSERT INTO `users` (`id`, `login`, `password`, `first_name`, `last_name`, `birhday`, `created_at`, `updated_at`) VALUES ('99', 'minusjjjj', '0377d2b1d91619920cc3dd779b01113c336bffbc', 'Kadin', 'Labadie', '1973-03-01 03:27:19', '1985-08-22 14:39:32', '2001-07-20 05:25:07');
INSERT INTO `users` (`id`, `login`, `password`, `first_name`, `last_name`, `birhday`, `created_at`, `updated_at`) VALUES ('100', 'solutammm', '1bbb3413d154e724bec131198f1b25a94f9905c0', 'Cora', 'Cummings', '1991-10-25 12:16:41', '1973-07-23 20:19:52', '1978-09-25 02:49:07');


INSERT INTO  baskets(user_id, total_amount) SELECT id, 0 FROM users;
INSERT INTO basket_items(basket_id, book_id, items_count) SELECT distinct 1 + FLOOR(RAND()*100), 1 + FLOOR(RAND()*100), 1 FROM authors;
UPDATE basket_items SET items_count = 1 + FLOOR(RAND()*10);

UPDATE baskets b SET total_amount = (SELECT coalesce(sum(c.price), 0) FROM catalogue c 
	join basket_items bi on c.book_id = bi.book_id where bi.basket_id = b.id);
    
INSERT INTO choosed_items(user_id, book_id) SELECT distinct 1 + FLOOR(RAND()*99), 1 + FLOOR(RAND()*99) FROM authors;

INSERT INTO `reviews` VALUES ('1','14','53','1','Facere inventore sed ut quisquam sit soluta atque.'),
('2','61','32','5','Eaque fugiat veritatis corrupti ea.'),
('3','58','85','2','Voluptates id molestiae tempore et.'),
('4','68','35','3','Repellendus alias neque dolor repellat.'),
('5','11','44','5','Perspiciatis et optio temporibus ipsum expedita.'),
('6','100','76','2','Corporis ut iure consequatur.'),
('7','79','6','3','Molestias aliquam voluptate sit autem.'),
('8','86','64','5','Nihil ut facere repellat ab vitae voluptas qui.'),
('9','23','44','5','Nobis pariatur est recusandae reiciendis ut ut.'),
('10','87','46','2','Sapiente labore sint quam eos sed.'),
('11','48','75','2','Saepe et velit iusto fugit.'),
('12','58','95','1','Debitis dolore eos ut.'),
('13','14','81','4','Aut ea sint quaerat perspiciatis magni ipsum officia.'),
('14','78','29','2','Debitis non aspernatur deleniti id aperiam aperiam.'),
('15','7','25','1','Molestiae eius fuga sed molestiae dolorem enim assumenda.'),
('16','75','67','5','Ut voluptatem deleniti omnis fugit.'),
('17','18','75','3','Porro cum quisquam libero ipsum quia dolores.'),
('18','22','6','3','Molestiae hic ut totam hic.'),
('19','93','69','4','Consequuntur dolores repellendus non iusto tempore vel et.'),
('20','14','74','3','Exercitationem exercitationem dignissimos est corporis nam voluptas.'),
('21','63','96','4','Laborum at harum eaque recusandae.'),
('22','44','71','1','Voluptatibus molestiae tempore repellendus.'),
('23','79','97','5','Quos voluptatem ipsa quod corporis enim voluptatem quo.'),
('24','42','77','2','Laborum repellat dolores aliquid.'),
('25','100','20','2','Dicta distinctio labore porro dolorum rerum id.'),
('26','67','97','3','Saepe pariatur atque est harum recusandae adipisci sapiente.'),
('27','50','3','4','Quo autem sit dolore doloribus.'),
('28','64','12','2','In temporibus sit quas incidunt voluptatum suscipit dignissimos.'),
('29','45','39','1','Nihil omnis placeat nam sint nisi natus ut.'),
('30','67','54','2','Quo illo asperiores sit.'),
('31','76','39','3','Odit ut enim rerum in.'),
('32','68','5','2','Nisi vitae mollitia sunt eaque.'),
('33','57','48','3','Rerum facilis sint voluptates reiciendis id commodi deleniti quidem.'),
('34','96','9','4','Illum ea sed eos iure.'),
('35','43','98','1','Velit repellat et sunt ut ullam.'),
('36','8','34','2','Quod tenetur corporis quibusdam ratione.'),
('37','6','25','2','Molestiae natus nobis ea vero velit quia ratione saepe.'),
('38','54','91','2','Et ut ut veritatis aut.'),
('39','6','93','2','Voluptatibus laudantium neque ut in mollitia minima molestias.'),
('40','13','57','2','Quod ut et debitis quo est soluta minus.'),
('41','70','8','1','Id velit neque sunt voluptatum.'),
('42','94','87','3','Aliquid voluptas praesentium consequatur voluptatibus rerum.'),
('43','82','49','1','Fuga omnis et dicta tempora facilis cumque et.'),
('44','4','73','1','Esse ut cupiditate recusandae atque aspernatur sed.'),
('45','93','57','5','Voluptatem dolorem qui sit aut doloremque ut quia.'),
('46','21','94','3','Quasi quos quia cupiditate accusamus.'),
('47','5','45','2','Sed at ab blanditiis non assumenda qui ex neque.'),
('48','7','55','1','Ut iste earum eaque optio.'),
('49','24','41','4','Nam alias ut quo et qui et quasi.'),
('50','63','52','1','Reiciendis quibusdam officia molestias porro exercitationem et est.'),
('51','64','49','3','Dolores et minima facilis ex nostrum et nihil.'),
('52','52','5','2','Et culpa et aut ut reprehenderit nihil quia.'),
('53','87','47','4','Autem beatae id et ex praesentium.'),
('54','29','24','5','Vitae quos cum dolorem.'),
('55','68','54','5','Reiciendis ut itaque provident.'),
('56','29','21','4','Autem qui et vitae ipsum et.'),
('57','58','36','3','Aut non ex reiciendis aliquid pariatur.'),
('58','24','66','5','Dolores culpa molestias recusandae qui fuga.'),
('59','37','57','2','Quia dignissimos temporibus placeat harum dolor.'),
('60','29','68','5','Corporis ab consectetur doloremque dolorem.'),
('61','91','57','2','Explicabo quia officiis a et dolorem nihil veritatis.'),
('62','29','37','4','Voluptates in vero suscipit eveniet voluptatum eos.'),
('63','24','17','5','Cumque adipisci aut ea eos.'),
('64','36','40','3','Iusto perspiciatis quas similique debitis.'),
('65','24','58','4','Adipisci quia dolores facilis velit quos temporibus incidunt.'),
('66','84','41','5','Nulla assumenda inventore doloremque vel pariatur inventore aspernatur.'),
('67','45','44','4','Porro dignissimos omnis quae molestiae ut consectetur quo qui.'),
('68','55','28','1','Beatae nemo facilis eos nam.'),
('69','85','40','3','Aut quasi molestias aut voluptate et hic.'),
('70','31','63','2','Non similique non laborum et quidem voluptatem voluptas.'),
('71','34','50','2','Nesciunt quia commodi quos quam maxime.'),
('72','88','89','2','Earum modi voluptatem itaque labore ab.'),
('73','13','98','4','Maxime ullam nostrum nihil omnis vitae.'),
('74','43','99','5','Quam et non quia atque.'),
('75','71','42','2','Ea tenetur excepturi vero consectetur et.'),
('76','88','14','2','Dolores consequatur sit dicta voluptatibus ipsam est.'),
('77','64','98','3','Ducimus repellat quisquam minima tempore quod.'),
('78','37','13','4','Qui dolore voluptatibus nemo unde explicabo sint numquam.'),
('79','22','7','5','Quo ratione provident illum.'),
('80','78','84','2','Blanditiis reiciendis magni ducimus facilis sed quia veritatis asperiores.'),
('81','15','4','2','Qui sed sapiente ipsa neque.'),
('82','6','85','2','Et autem dolores qui autem soluta quaerat.'),
('83','46','57','2','Minima rerum soluta et sed itaque.'),
('84','16','68','2','Eum explicabo voluptatem sapiente aut nobis facilis aspernatur.'),
('85','64','59','2','Rerum nulla dicta asperiores soluta molestiae vel laudantium esse.'),
('86','71','12','4','Error sed suscipit quod.'),
('87','43','9','2','Accusamus aut autem consequatur architecto nulla.'),
('88','84','100','5','Est quaerat fugit ex ut eligendi laborum enim veritatis.'),
('89','11','68','4','Doloribus voluptas quisquam rerum et dicta.'),
('90','87','56','5','Quo quis aut soluta corrupti explicabo rerum dicta.'),
('91','9','94','5','Qui ad perferendis voluptate sint exercitationem.'),
('92','36','99','5','Mollitia fugiat eveniet quos illum quae.'),
('93','21','35','2','Sed sed sequi omnis nulla expedita inventore nulla.'),
('94','90','78','4','Quisquam eius voluptates tenetur totam sapiente.'),
('95','49','47','3','Quo neque nihil non.'),
('96','29','10','3','Aliquid dignissimos corrupti vitae quaerat.'),
('97','43','88','4','Non beatae aut est aut.'),
('98','67','30','2','Est qui voluptas dolorem dolorem sit minima aliquid.'),
('99','82','42','5','Vel tempora sequi velit rem iste ipsa temporibus.'),
('100','95','52','2','Consequatur non est ut pariatur est ut ad.');


INSERT INTO orders(user_id, delivery_amount, status_id) SELECT id,  50*FLOOR(RAND()*3), 1 + FLOOR(RAND()*6) FROM users;
INSERT INTO orders(user_id, delivery_amount, status_id) SELECT id,  50*FLOOR(RAND()*3), 6 FROM users;
update orders set created_at = (SELECT NOW() - INTERVAL FLOOR(RAND() * 365) DAY);
update orders set closed_at = (created_at + INTERVAL FLOOR(RAND() * 5) DAY);
update orders set closed_at = null where status_id <> 6;


INSERT INTO order_items(order_id, book_id) SELECT distinct o.id, 1 + FLOOR(RAND()*100) FROM orders o join order_statuses;

UPDATE order_items SET item_count = 1 + FLOOR(RAND()*5), price = RAND()*500;

UPDATE orders o SET o.items_amount = (select coalesce(sum(oi.price * oi.item_count), 0) from order_items oi where oi.order_id = o.id);
UPDATE orders SET pay_amount = items_amount + delivery_amount;


insert into catalogue(book_id, price, rest) select id, RAND()*500, FLOOR(RAND()*1000) from books;












